Country Code,year,delta_tariff,delta_tariff_lag1,delta_Balance_paiements_lag1,delta_Emploi_lag1,delta_IPC_lag1,delta_Production volume_lag1,delta_PIB_lag1,delta_Taux_change_lag1,delta_Chômage_lag1,dep_k0
AUS,1998,-0.33000000000000007,0.010000000000000675,0.581144234729436,67.76759175000007,-0.03549158879978398,0.578438076642783,0.07299756946982683,0.07113468411459989,-0.1436266583333392,0.15802495549280127
AUS,1999,-0.39000000000000057,-0.33000000000000007,-1.9847229622741098,150.76634233332152,0.01859137471637684,3.8377509387004736,0.15802495549280127,0.24425617762704,-0.6850579583333305,-0.15528161719722067
AUS,2000,-0.2699999999999996,-0.39000000000000057,-0.580158459104446,155.1904803333382,0.024150513560500908,-1.7816606950035876,-0.15528161719722067,-0.04262899724195002,-0.80363805,-0.2357092791528801
AUS,2001,-1.0300000000000002,-0.2699999999999996,1.426593024713804,229.11789958334157,0.0855303417754012,1.2948033845627762,-0.2357092791528801,0.17685582710894,-0.5882451583333399,-0.210570337298984
AUS,2002,-1.1099999999999999,-1.0300000000000002,1.810652575538536,113.28215908333004,0.03978604562340182,-1.8613566511969495,-0.210570337298984,0.20885746829057017,0.4566268333333401,0.39067035565859265
AUS,2003,0.050000000000000266,-1.1099999999999999,-1.5360400230049702,175.25160316666006,0.008656190917375461,7.599609232795856,0.39067035565859265,-0.09407763513968015,-0.3732617083333407,-0.2536534184598871
AUS,2004,-0.050000000000000266,0.050000000000000266,-1.537536628699626,206.2704106666697,0.02262376709610736,-1.3910629680746496,-0.2536534184598871,-0.29976190009499004,-0.4404910416666592,0.2430899450914159
AUS,2005,-0.6200000000000001,-0.050000000000000266,-0.9743643829210518,161.82436041666006,0.017320575795003013,0.5218248178954354,0.2430899450914159,-0.18229181825885998,-0.53168674166667,-0.2692532472088516
AUS,2006,0.31000000000000005,-0.6200000000000001,0.3377421686248665,322.27252275000865,0.030148642836215434,0.4382653950936799,-0.2692532472088516,-0.046454115534219964,-0.3628528083333302,-0.12025082776617513
AUS,2007,0.07000000000000028,0.31000000000000005,0.08463813577107793,243.5943305833316,0.044188726637894415,1.215822078071028,-0.12025082776617513,0.01511952694648011,-0.24864101666666993,0.48305018494153074
AUS,2008,-0.30000000000000027,0.07000000000000028,-0.8654089051763814,310.0410626666999,0.0075267619412908715,2.2843294209816207,0.48305018494153074,-0.13272565484033017,-0.40608821666666994,-0.5693006548974909
AUS,2009,0.52,-0.30000000000000027,1.849743765544929,296.9011924999995,0.06427079036137462,2.268374500612495,-0.5693006548974909,0.00231778436262009,-0.14482180000000078,-0.2211895017199056
AUS,2010,-0.8700000000000001,0.52,0.3769462467943665,74.40613250000024,-0.012019299552115115,-5.1517648035186525,-0.2211895017199056,0.08465827514551005,1.3260557250000007,0.2362159315343243
AUS,2011,-1.0299999999999998,-0.8700000000000001,0.7998226094651186,216.66714499999944,0.04072311802091999,4.622534001136586,0.2362159315343243,-0.19198321805007001,-0.34704499166666025,0.06551686367663079
AUS,2012,0.040000000000000036,-1.0299999999999998,0.7289321375627873,191.57278899159974,0.035536116668168916,1.0349913407643498,0.06551686367663079,-0.12098739569609207,-0.13214525833334,0.38357613652548295
AUS,2013,0.030000000000000027,0.040000000000000036,-1.374760837113183,136.98621716670095,0.0008811709623710584,1.910249124712493,0.38357613652548295,-0.0032231938954769834,0.14218067499999965,-0.5853927889782289
AUS,2014,0.06999999999999984,0.030000000000000027,0.9665718109354131,105.90679628329963,0.030757507496494974,-0.6450905718640811,-0.5853927889782289,0.07044034352295903,0.43856394166667023,0.15076821626472459
AUS,2015,-0.010000000000000009,0.06999999999999984,0.3051982920085665,83.45249048339974,0.02434790486353755,2.0229930971505468,0.15076821626472459,0.07303869117573991,0.41530451666667023,-0.08876955642888673
AUS,2016,-0.72,-0.010000000000000009,-1.6261497229207595,226.10644012500052,0.005001208142140001,-2.008005310445128,-0.08876955642888673,0.22143619104241008,-0.020820908333339716,0.14330410882556588
AUS,2017,-0.2899999999999999,-0.72,1.2318728665994003,199.51101208329965,0.010248086690626934,-0.4400646244810815,0.14330410882556588,0.014457062757230021,-0.3422747333333307,-0.09863040689634317
AUS,2018,-0.030000000000000027,-0.2899999999999999,0.6471359114614836,253.53482134166734,0.02546609624797691,1.7810225984387174,-0.09863040689634317,-0.040454116363970005,-0.10781734166666546,0.15375353869238817
AUS,2019,-0.08999999999999997,-0.030000000000000027,0.2543187994697744,318.74762866666424,0.018238557872244154,1.9605250020918348,0.15375353869238817,0.033771702392489944,-0.2975163750000016,-0.3920470538682218
AUS,2020,-0.06000000000000005,-0.08999999999999997,2.548057944185698,292.34210995000103,0.012930242446119511,-1.6435443356002253,-0.3920470538682218,0.10001438309812016,-0.14386763333333263,
AUT,2002,-0.9199999999999999,0.96,-0.194804377664217,-33.0,0.02922570087270504,-1.8632569866555286,-0.8845195379561066,0.031535018206160004,0.04999999999999982,0.11963771755664487
AUT,2003,0.06999999999999984,-0.9199999999999999,2.742100837014907,49.0,0.00688010302525166,-0.2820374249447539,0.11963771755664487,-0.05556595551550991,0.40000000000000036,-0.26258911676611385
AUT,2004,-0.2799999999999998,0.06999999999999984,-0.4042915305660728,33.0,0.007520370991163983,4.5627487078567555,-0.26258911676611385,-0.175901916093541,0.375,0.8096576769705721
AUT,2005,0.21999999999999975,-0.2799999999999998,0.42392892760677414,-58.0,0.02862735025439278,3.347969671068313,0.8096576769705721,-0.08030112249246601,1.13333333333334,-0.10033299232979265
AUT,2006,-0.16000000000000014,0.21999999999999975,0.44766852313470507,15.425000000000182,0.024979724296420258,0.6621709932895641,-0.10033299232979265,-0.00024267915778097837,0.1416666666666595,0.3428623907998676
AUT,2007,-0.05999999999999961,-0.16000000000000014,0.9647548908448504,78.54999999999973,0.003907640472150753,4.225929790696071,0.3428623907998676,-0.007922194316820064,-0.3916666666666595,0.1438725060112307
AUT,2008,-0.5200000000000002,-0.05999999999999961,0.28939684325824144,97.59999999999991,0.029418226603864728,1.854505491954022,0.1438725060112307,-0.06621179361352492,-0.4249999999999998,-0.9546187818760781
AUT,2009,0.13000000000000012,-0.5200000000000002,0.852059819699194,70.42500000000018,0.04239508508025436,-1.4242245979984034,-0.9546187818760781,-0.046503087324034076,-0.7750000000000004,
AUT,2012,-0.13000000000000012,-0.5399999999999998,-1.1756345542120095,35.80000000000018,0.04707746857087569,2.9216833226188044,0.48137348192420193,-0.03588476378693706,-0.2916666666666696,-1.538961650395508
AUT,2013,0.030000000000000027,-0.13000000000000012,-0.007912720773778359,31.97499999999991,0.015597745967413257,-0.8948113381158578,-1.538961650395508,0.05884745592571605,0.2916666666666696,
AUT,2016,0.06999999999999984,-0.009999999999999787,-0.5076407094740809,35.599999999999454,0.0017792251885273558,1.012954515272213,0.5450507929884485,0.14775650326243805,0.1166666666666707,0.48503265126410006
AUT,2017,-0.1299999999999999,0.06999999999999984,0.936838925078358,71.90000000000055,0.008749025032849023,1.995079454554613,0.48503265126410006,0.0028298830070899728,0.2999999999999998,0.07066684969875403
AUT,2018,-0.1299999999999999,-0.1299999999999999,-1.2655704828101264,39.92500000000018,0.03180744689868664,4.02772331206549,0.07066684969875403,-0.017174353025598,-0.5250000000000004,0.0891886156113536
AUT,2019,0.010000000000000009,-0.1299999999999999,-0.5614387667023332,58.899999999999636,0.018624610468598313,1.840127614840398,0.0891886156113536,-0.039782688743019934,-0.7166666666666694,-0.347503761976216
AUT,2020,-0.3600000000000001,0.010000000000000009,1.3622786331378656,35.649999999999636,0.010599716479643195,0.35968401289957797,-0.347503761976216,0.04602388604209795,-0.36666666666666003,
CAN,1997,-3.4399999999999995,-1.2600000000000007,1.2448258844930615,124.75,0.007099556357685444,0.45236323240623477,-0.462571518089385,-0.008705104625189808,0.1000000000000103,0.9298783283065063
CAN,1998,-0.55,-3.4399999999999995,-1.7471446880093005,288.03333333340015,0.01642764456451884,4.9822203038902515,0.9298783283065063,0.021215599525509887,-0.4916666666666689,-0.09484107416608722
CAN,1999,-0.42999999999999994,-0.55,-0.010608778662000828,338.84166666659985,0.001174524195538762,-0.6818896582338994,-0.09484107416608722,0.09849255335308005,-0.833333333333341,0.27809737704012916
CAN,2000,0.30000000000000004,-0.42999999999999994,1.5118210518890265,354.97500000000036,0.026855542701559543,3.929925626129929,0.27809737704012916,0.002043926662280038,-0.6916666666666593,-0.0004794686406652815
CAN,2001,0.29000000000000004,0.30000000000000004,2.3708387915018543,358.14166666669917,0.03891051369113363,3.5547520494624294,-0.0004794686406652815,-0.0004313128984401171,-0.7750000000000004,-1.0081078396739933
CAN,2002,-0.1100000000000001,0.29000000000000004,-0.3346587135180332,172.17499999999927,0.021646794833989347,-4.100992310747223,-1.0081078396739933,0.06329781933116996,0.40000000000000036,0.4697030480133164
CAN,2003,0.97,-0.1100000000000001,-0.4628181730223542,359.02500000000146,0.018356533407483777,2.7526546486427463,0.4697030480133164,0.021632760091910175,0.4583333333333295,-0.50703635348112
CAN,2004,-0.95,0.97,-0.5190059851141822,369.51666666669917,0.032442049197391576,-1.2094197091058803,-0.50703635348112,-0.16967880074880015,-0.09999999999999964,0.5376081083423245
CAN,2005,-0.050000000000000044,-0.95,1.1189951849534379,254.18333333329974,0.007198912652656375,2.6834437356013154,0.5376081083423245,-0.09926378251438983,-0.3833333333333302,0.03747668843770846
CAN,2006,-0.010000000000000009,-0.050000000000000044,-0.44087679540495106,208.49166666669953,0.02553458647120488,1.1381829016350835,0.03747668843770846,-0.08938699802306016,-0.4333333333333398,-0.1964127507595922
CAN,2007,0.09000000000000008,-0.010000000000000009,-0.45734866693586373,290.23333333330083,0.016926460160316736,-1.0667278804852742,-0.1964127507595922,-0.0773891540745899,-0.29166666666665986,-0.25220646443485095
CAN,2008,0.0,0.09000000000000008,-0.6201341583744773,343.0750000000007,0.02219612543986127,-0.2619788733995563,-0.25220646443485095,-0.060001187071810014,-0.3000000000000007,-0.7223975068786905
CAN,2009,0.15999999999999992,0.0,-0.7013446246777322,240.00833333329865,0.025386719165036098,-2.3873382327106896,-0.7223975068786905,-0.006758143304069986,0.125,
CAN,2012,0.020000000000000018,-0.08000000000000007,0.8490273226748521,241.4083333333001,0.03986772085260304,0.7373101143002856,0.014896884693153867,-0.04110647233201403,-0.533333333333335,-0.58048329822854
CAN,2013,0.050000000000000044,0.020000000000000018,-0.8163337564688993,212.03333333333285,0.00039830278716035394,0.8287789244427302,-0.58048329822854,0.010112773699730071,-0.22499999999999876,0.2812242938368906
CAN,2014,-0.020000000000000018,0.050000000000000044,0.3906845144675848,236.09166666666715,0.0033190018769388985,0.32010039870773,0.2812242938368906,0.03088717179559397,-0.25,0.21144934053195985
CAN,2015,0.21999999999999997,-0.020000000000000018,0.8229907961311493,70.75833333333867,0.028361293107646457,2.5128396577672945,0.21144934053195985,0.07456803900810005,-0.1250000000000009,-1.4863467630729317
CAN,2016,-0.08999999999999986,0.21999999999999997,-1.1762679288975875,118.7416666666577,0.0032817720261526517,-2.4752584841104834,-1.4863467630729317,0.17357979743082996,-0.041666666666666075,0.4686539199597584
CAN,2017,-0.040000000000000036,-0.08999999999999986,0.39818706026388595,109.70833333333576,0.01698495867243821,-1.3648970582248339,0.4686539199597584,0.04713541337284988,0.06666666666666554,1.0720010737780776
CAN,2018,-0.050000000000000044,-0.040000000000000036,0.29671776839659847,405.2833333333365,0.01723223056895762,3.919022426072928,1.0720010737780776,-0.027308692358359865,-0.633333333333332,-0.100788584694395
CAN,2019,0.040000000000000036,-0.050000000000000044,0.4208774844855072,334.4333333333343,0.028345954879705815,1.4871444020720332,-0.100788584694395,-0.001967459611650124,-0.5916666666666659,-0.36275696517357314
CAN,2020,-0.020000000000000018,0.040000000000000036,0.4199519681884005,364.16666666666424,0.015990659994735257,-1.3799071787293897,-0.36275696517357314,0.030820526930800174,-0.1583333333333341,
CZE,2001,-0.11000000000000032,1.5300000000000002,-2.325104106411839,-32.82499999999982,0.057745746743810944,5.9756467081481155,1.0680633860995632,4.048237332564803,0.07500000000000107,-0.31832726836774916
CZE,2002,0.1200000000000001,-0.11000000000000032,-0.28475409917228944,2.350000000000364,0.05445584186290109,4.85441947750855,-0.31832726836774916,-0.6082208393459041,-0.6500000000000004,-0.6562328622653077
CZE,2003,0.019999999999999574,0.1200000000000001,-0.32433668198549714,47.55000000000018,-0.01652488665768148,-2.3804348942588405,-0.6562328622653077,-5.295573480940995,-0.8333333333333304,0.7797779376935945
CZE,2004,-2.1099999999999994,0.019999999999999574,-0.34177536530413377,-29.950000000000728,-0.021629345807206324,3.5159359013848572,0.7797779376935945,-4.524536542690704,0.48333333333333073,0.36108859957168216
CZE,2005,0.21999999999999975,-2.1099999999999994,1.9824285315824923,-10.599999999999454,0.05985290118359288,6.5028785153914725,0.36108859957168216,-2.5136897703745973,0.5166666666666693,0.297123996692197
CZE,2006,-0.16000000000000014,0.21999999999999975,1.1152461431502179,73.47499999999945,0.006935670161787311,-1.0017249880280445,0.297123996692197,-1.7400282953761028,-0.34999999999999964,0.03818594078371351
CZE,2007,-0.05999999999999961,-0.16000000000000014,-0.18886223817088776,64.05000000000018,0.032419351470633906,4.908548999258102,0.03818594078371351,-1.3695431159419975,-0.8083333333333398,-0.18786017852046877
CZE,2008,-0.5200000000000002,-0.05999999999999961,-1.962645582686548,93.875,0.030935261946891668,5.54227126206338,-0.18786017852046877,-2.2960406322542006,-1.80833333333333,-0.7424955433906364
CZE,2009,0.13000000000000012,-0.5200000000000002,3.0024674866469434,80.55000000000018,0.09648037955624789,-6.072247215953205,-0.7424955433906364,-3.2110973822071998,-0.9166666666666705,
CZE,2012,-0.13000000000000012,-0.5399999999999998,1.1860804572183103,-12.400000000000546,0.02330385944577218,1.0224285055252267,-0.42634483605214957,-1.4072802810715999,-0.5749999999999993,
CZE,2016,0.06999999999999984,-0.009999999999999787,-0.09047318565719198,67.72499999999945,0.002733063086881149,1.9042551511730466,0.7923553675260745,3.8352077326055998,-1.0583333333333398,-0.653028799465569
CZE,2017,-0.1299999999999999,0.06999999999999984,1.0612906441698895,96.5,0.010489536373913921,-2.044276846117164,-0.653028799465569,-0.15238114844089878,-1.0916666666666601,0.6954354586029685
CZE,2018,-0.1299999999999999,-0.1299999999999999,-0.3076720993130697,83.07500000000073,0.04092732634129126,5.253034938473,0.6954354586029685,-1.0551300246251998,-1.0583333333333398,-0.6031772723706965
CZE,2019,0.010000000000000009,-0.1299999999999999,-1.243260928568751,72.17499999999927,0.017981967986606673,2.5807831366139595,-0.6031772723706965,-1.6556636128364026,-0.64166666666666,0.2309970734391038
CZE,2020,-0.3600000000000001,0.010000000000000009,0.09657519602728667,9.25,0.033827709596275124,-1.710713011658136,0.2309970734391038,1.2013221108601009,-0.25,
DEU,2002,-0.9199999999999999,0.96,1.3711780026857978,110.67895499999577,0.02583030885885007,-4.326629467209315,-0.5634990157775207,0.031535018206160004,-0.14999999999999947,
DEU,2006,-0.16000000000000014,0.21999999999999975,0.18075719892730202,485.4678625000015,0.013705106875668616,0.6313664845234399,-0.271095904552148,-0.00024267915778097837,0.7833333333332995,1.4683117210117347
DEU,2007,-0.05999999999999961,-0.16000000000000014,1.05926237114394,810.9499999999971,0.015719761049848735,4.3075839441875345,1.4683117210117347,-0.007922194316820064,-1.008333333333299,-0.28806717803449833
DEU,2008,-0.5200000000000002,-0.05999999999999961,0.9262311286505458,816.25,0.030199465623379496,1.4970648128720612,-0.28806717803449833,-0.06621179361352492,-1.7333333333333307,-1.1808603392862793
DEU,2009,0.13000000000000012,-0.5200000000000002,-0.9922400115258876,552.5,0.028798463564654764,-0.20757392210627046,-1.1808603392862793,-0.046503087324034076,-1.1166666666666698,
DEU,2012,-0.13000000000000012,-0.5399999999999998,0.5337215199413379,793.6500000000015,0.030335418457479335,3.485249058626735,-0.09771798277619381,-0.03588476378693706,-1.0499999999999998,-2.08700385347404
DEU,2013,0.030000000000000027,-0.13000000000000012,0.9201825783115014,340.0749999999971,0.018793465433371015,-4.285616515478424,-2.08700385347404,0.05884745592571605,-0.44166666666667,-0.1675095316896852
DEU,2014,0.5399999999999998,0.030000000000000027,-0.43534546497728055,403.77500000000146,0.009614678836527002,0.20637270606441405,-0.1675095316896852,-0.024708552089215075,-0.14166666666666394,1.7088198989880277
DEU,2015,-0.009999999999999787,0.5399999999999998,0.5567581262648957,339.8000000000029,0.00295394461328069,2.062230802351266,1.7088198989880277,0.0003974823389170101,-0.23333333333333606,-0.2695298838801732
DEU,2016,0.06999999999999984,-0.009999999999999787,0.9733402894157717,339.1999999999971,0.0011887172824716075,-1.0798976018902593,-0.2695298838801732,0.14775650326243805,-0.34999999999999787,0.2875627902015848
DEU,2017,-0.1299999999999999,0.06999999999999984,0.6960411509705562,1056.4000000000015,0.004655900064530538,2.7426188006707832,0.2875627902015848,0.0028298830070899728,-0.4583333333333326,0.23542604973136205
DEU,2018,-0.1299999999999999,-0.1299999999999999,-0.8915423166585938,396.3000000000029,0.024789991436072523,1.6729756517948502,0.23542604973136205,-0.017174353025598,-0.37499999999999956,-0.9065520819095461
DEU,2019,0.010000000000000009,-0.1299999999999999,0.36292204960748364,251.375,0.01903775339863678,-0.896794607283546,-0.9065520819095461,-0.039782688743019934,-0.3333333333333335,-0.15254319268965028
DEU,2020,-0.3600000000000001,0.010000000000000009,-0.503295086023952,485.72499999999854,0.011438216884877228,-1.2681904816997047,-0.15254319268965028,0.04602388604209795,-0.2416666666666667,
ESP,2002,-0.9199999999999999,0.96,-0.0632685413703804,640.375,0.03569604100292123,-3.1164852891085246,-0.28297302719110795,0.031535018206160004,-1.3583333333334,-0.3522476750755752
ESP,2003,0.06999999999999984,-0.9199999999999999,0.6645830240666064,643.8249999999989,0.022217204652614786,0.07316066609905647,-0.3522476750755752,-0.05556595551550991,0.8833333333334004,0.06458492978542885
ESP,2004,-0.2799999999999998,0.06999999999999984,-0.22554176899872358,685.5,0.028465081990700636,4.052770712108995,0.06458492978542885,-0.175901916093541,0.049999999999998934,0.057910815292223417
ESP,2005,0.21999999999999975,-0.2799999999999998,-1.5786684854529112,666.6500000000015,0.028843097321144207,0.6723446266579316,0.057910815292223417,-0.08030112249246601,-0.5333333333333989,0.13118732749197504
ESP,2006,-0.16000000000000014,0.21999999999999975,-1.6725903885906312,1064.6749999999993,0.03575099570666307,3.3775545997234957,0.13118732749197504,-0.00024267915778097837,-1.7916666666666305,0.12982947242499088
ESP,2007,-0.05999999999999961,-0.16000000000000014,-1.5600420696042159,731.9249999999993,0.0348667974765986,3.5759571892222652,0.12982947242499088,-0.007922194316820064,-0.7083333333333304,-0.13478081098576178
ESP,2008,-0.5200000000000002,-0.05999999999999961,-0.6338287064580932,640.9750000000022,0.018507167369238076,-2.777636987900223,-0.13478081098576178,-0.06621179361352492,-0.2333333333333396,-1.5272562527303217
ESP,2009,0.13000000000000012,-0.5200000000000002,0.6052356142418631,-110.17499999999927,0.052186885831839724,-13.979844738123724,-1.5272562527303217,-0.046503087324034076,3.0416666666667,
ESP,2016,0.06999999999999984,-0.009999999999999787,0.3403807833964583,521.7249999999985,-0.008527715984984585,-0.45002774721000094,0.9824503021741124,0.14775650326243805,-2.375,-0.3315262279779705
ESP,2017,-0.1299999999999999,0.06999999999999984,1.101239317304243,475.65000000000146,0.0009560258650811448,1.447730769694985,-0.3315262279779705,0.0028298830070899728,-2.4250000000000007,-0.0065475416352474
ESP,2018,-0.1299999999999999,-0.1299999999999999,-0.40978322806317724,483.59999999999854,0.040446041080168804,0.26245781894171216,-0.0065475416352474,-0.017174353025598,-2.4166666666667,-0.18979007849215035
ESP,2019,0.010000000000000009,-0.1299999999999999,-0.8940379139519665,502.7000000000007,0.01363005971537845,0.5649482732757534,-0.18979007849215035,-0.039782688743019934,-1.9666666666665993,-0.1999683505638511
ESP,2020,-0.3600000000000001,0.010000000000000009,0.26462224172933624,451.625,-0.0023978721606798814,-1.1147587757671218,-0.1999683505638511,0.04602388604209795,-1.158333333333399,
FIN,2002,-0.9199999999999999,0.96,0.9110256335155515,31.59999999999991,0.019005231009054047,-3.2410683849297044,-0.7789705154155961,0.031535018206160004,-0.6583333333333297,-0.4477325700506031
FIN,2003,0.06999999999999984,-0.9199999999999999,-0.04376244408047114,5.324999999999818,0.003195966877631573,1.5607898859982114,-0.4477325700506031,-0.05556595551550991,-0.05000000000000071,0.17588474428263745
FIN,2004,-0.2799999999999998,0.06999999999999984,-3.4215632919378356,-7.424999999999727,0.000352103901483769,0.8799206194780282,0.17588474428263745,-0.175901916093541,-0.06666666666666998,0.6886089726725403
FIN,2005,0.21999999999999975,-0.2799999999999998,1.0324461525878075,-0.27500000000009095,-0.006382585043394062,4.406153297638582,0.6886089726725403,-0.08030112249246601,-0.18333333333333002,-0.36597113503143186
FIN,2006,-0.16000000000000014,0.21999999999999975,-2.287707130228336,36.17499999999973,0.011389694542190743,-0.5109182798804213,-0.36597113503143186,-0.00024267915778097837,-0.42499999999999893,0.36950459599042396
FIN,2007,-0.05999999999999961,-0.16000000000000014,0.45672633196345513,42.65000000000009,0.026362534548956873,7.161529602370088,0.36950459599042396,-0.007922194316820064,-0.68333333333333,0.27903435318651515
FIN,2008,-0.5200000000000002,-0.05999999999999961,0.2635352743016983,48.15000000000009,0.03492178242591226,4.371024291096674,0.27903435318651515,-0.06621179361352492,-0.8500000000000005,-1.9135881505880823
FIN,2009,0.13000000000000012,-0.5200000000000002,-2.2906956649125854,39.25,0.055285078153963774,-0.6979057785447083,-1.9135881505880823,-0.046503087324034076,-0.5,
FIN,2012,-0.13000000000000012,-0.5399999999999998,-2.698810572574904,26.200000000000273,0.05611085628034651,1.4066179951684248,-0.2819702197908869,-0.03588476378693706,-0.5749999999999904,
FIN,2017,-0.1299999999999999,0.06999999999999984,-0.8176348157647865,11.299999999999727,0.009190132085883373,3.9410742861792585,1.7071479527978548,0.0028298830070899728,-0.5416666666666696,0.25028497317452025
FIN,2018,-0.1299999999999999,-0.1299999999999999,1.010422247890745,25.09999999999991,0.011393648728811545,2.0684103757521655,0.25028497317452025,-0.017174353025598,-0.15000000000000036,-1.0184907326699932
FIN,2019,0.010000000000000009,-0.1299999999999999,-1.0198677828362408,66.72500000000036,0.013898707138968902,1.2420808643323369,-1.0184907326699932,-0.039782688743019934,-1.3333333333333295,0.1234583486226409
FIN,2020,-0.3600000000000001,0.010000000000000009,1.8736338093595069,25.674999999999727,0.009509859221521033,0.46564511226172556,0.1234583486226409,0.04602388604209795,-0.69166666666667,
FRA,2002,-0.9199999999999999,0.96,0.4272329835344919,469.98875000000044,0.015388440171437257,-0.43917245073802746,-0.7793747034026534,0.031535018206160004,-0.81666666666667,-0.5760269134496263
FRA,2003,0.06999999999999984,-0.9199999999999999,-0.4286387949413253,191.23549999999886,0.02209178008458812,-2.0616372595529953,-0.5760269134496263,-0.05556595551550991,-0.10833333333334139,-0.0982456856931396
FRA,2004,-0.2799999999999998,0.06999999999999984,-0.3268633596424466,-585.2081299999991,0.02232356915856437,-0.4006219885288971,-0.0982456856931396,-0.175901916093541,-0.12499999999999645,1.0863988073995106
FRA,2005,0.21999999999999975,-0.2799999999999998,-0.3079164125116546,103.20000000000073,0.021179621806371784,2.611578179463393,1.0863988073995106,-0.08030112249246601,0.36666666666666714,-0.4178819844309778
FRA,2006,-0.16000000000000014,0.21999999999999975,-0.43544129585428504,176.14999999999782,0.012480225473865847,-0.198517116608123,-0.4178819844309778,-0.00024267915778097837,0.01666666666666572,0.3626270136922115
FRA,2007,-0.05999999999999961,-0.16000000000000014,0.15966014167779508,165.97500000000218,0.015514309952882499,0.9236008985709319,0.3626270136922115,-0.007922194316820064,-0.041666666666666075,-0.07005932885638433
FRA,2008,-0.5200000000000002,-0.05999999999999961,-0.39103160249935986,436.5249999999978,0.012471665008130906,1.7263217750596809,-0.07005932885638433,-0.06621179361352492,-0.8249999999999993,-1.895520408438644
FRA,2009,0.13000000000000012,-0.5200000000000002,-0.5785096067746427,339.75,0.04119253906312981,-3.7893287699066533,-1.895520408438644,-0.046503087324034076,-0.583333333333333,
FRA,2012,-0.13000000000000012,-0.5399999999999998,-0.1464392748924328,28.150000000001455,0.02645808979740094,0.13706325135429154,0.19769477573781546,-0.03588476378693706,-0.08333333333333215,-2.584719544763275
FRA,2013,0.030000000000000027,-0.13000000000000012,-0.1970978470983077,45.39999999999782,0.017379783661421122,-0.9963708099366784,-2.584719544763275,0.05884745592571605,0.5583333333333336,1.4474975745902035
FRA,2014,0.5399999999999998,0.030000000000000027,0.32886347502306235,-18.924999999999272,-0.002377675890295805,-0.0071917929332698805,1.4474975745902035,-0.024708552089215075,0.5416666666666679,0.24405264734545692
FRA,2015,-0.009999999999999787,0.5399999999999998,-0.24489177264196937,590.7000000000007,0.0014845708972095473,-1.3331851258230643,0.24405264734545692,0.0003974823389170101,-0.03333333333333499,0.06679013239783518
FRA,2016,0.06999999999999984,-0.009999999999999787,0.5678120817007216,65.79999999999927,-0.004316528028222688,1.0933458377535032,0.06679013239783518,0.14775650326243805,0.09166666666666856,-0.2154168887460307
FRA,2017,-0.1299999999999999,0.06999999999999984,-0.17374804485854056,137.875,0.0032849299165516044,-0.11775716832155325,-0.2154168887460307,0.0028298830070899728,-0.3000000000000007,0.8848960546031396
FRA,2018,-0.1299999999999999,-0.1299999999999999,0.13653797565989406,223.29999999999927,0.018588661104906645,3.6878503671537928,0.8848960546031396,-0.017174353025598,-0.6416666666666675,-0.23581165126572468
FRA,2019,0.010000000000000009,-0.1299999999999999,-0.13737161067950526,218.40000000000146,0.025986005140650192,-2.3989713109427555,-0.23581165126572468,-0.039782688743019934,-0.3999999999999986,0.20848646354521705
FRA,2020,-0.3600000000000001,0.010000000000000009,1.4236310976814908,110.79999999999927,0.0038038552019021843,0.45712985345887347,0.20848646354521705,0.04602388604209795,-0.5750000000000011,
GBR,2002,-0.9199999999999999,0.96,0.07074738505807465,228.0,0.021220955482885717,1.1635938025076626,-0.6377597044928037,0.03371824098240406,-0.375,-0.33579659738548184
GBR,2003,0.06999999999999984,-0.9199999999999999,-0.20736870667657237,232.5,0.013037994338129799,0.7999675370594233,-0.33579659738548184,-0.027746917195999976,0.09999999999999964,0.6329959914227736
GBR,2004,-0.2799999999999998,0.06999999999999984,0.16043644540625412,279.0,0.01159059981490973,2.1819215036424353,0.6329959914227736,-0.05426343256555399,-0.14999999999999947,-0.324762380069357
GBR,2005,0.21999999999999975,-0.2799999999999998,-0.48586580260745316,310.25,0.013986241974739855,-1.1065342555978503,-0.324762380069357,-0.066531664741728,-0.27500000000000036,0.18211821100612646
GBR,2006,-0.16000000000000014,0.21999999999999975,0.32326834170613195,320.0,0.028626721426436852,0.3116467623344761,0.18211821100612646,0.004355821837703,0.04999999999999982,-0.24245630324847733
GBR,2007,-0.05999999999999961,-0.16000000000000014,-1.1131435008309976,287.5,0.02902259322634393,5.657452288597689,-0.24245630324847733,-0.006720921505977029,0.625,0.29149347282615257
GBR,2008,-0.5200000000000002,-0.05999999999999961,-0.6087316432816223,238.0,0.021227212130573214,-3.073639945357918,0.29149347282615257,-0.04363397077062203,-0.09999999999999964,
GBR,2012,-0.13000000000000012,-0.5399999999999998,1.1237040599532546,147.5,0.050537068996356016,-10.762162379757548,-0.976434668306358,-0.023652925214881937,0.25,0.5849589615335742
GBR,2013,0.030000000000000027,-0.13000000000000012,-1.4859056436910005,319.75,0.012245050960100201,-0.40854214998359595,0.5849589615335742,0.007267417184264935,-0.15000000000000036,0.11730408021545269
GBR,2014,0.5399999999999998,0.030000000000000027,-1.3979650962479524,347.5,0.019086465890540527,3.19269180599683,0.11730408021545269,0.008668835850744072,-0.375,0.6091927898326825
GBR,2015,-0.009999999999999787,0.5399999999999998,-0.30126045560793546,710.75,0.005952398527295344,3.3315974310611125,0.6091927898326825,-0.03238169239757904,-1.4249999999999998,-0.3896315798893921
GBR,2016,0.06999999999999984,-0.009999999999999787,0.0332946283958826,532.5,-0.006947918768796857,0.7665829873954095,-0.3896315798893921,0.04713213976723796,-0.8250000000000002,0.030421362756695047
GBR,2017,-0.1299999999999999,0.06999999999999984,-0.4626506312624876,460.5,0.015810606026642304,-0.6710951979489863,0.030421362756695047,0.08645663167388207,-0.4499999999999993,0.3149064975346191
GBR,2018,-0.1299999999999999,-0.1299999999999999,1.865609265956388,315.0,0.04035129552356764,2.41583026418391,0.3149064975346191,0.03561164828408292,-0.47500000000000053,-0.6672099614357981
GBR,2019,0.010000000000000009,-0.1299999999999999,-0.3432926746276541,382.5,0.019581045199106306,1.0548134656530053,-0.6672099614357981,-0.02682057522429293,-0.3250000000000002,-0.21094314118350593
GBR,2020,-0.56,0.010000000000000009,1.2432706880242632,475.75,0.011019395249610486,0.3952743116087518,-0.21094314118350593,0.03386509540278593,-0.27499999999999947,
GRC,2004,-0.2799999999999998,0.06999999999999984,-1.5285823185670582,88.40000000000055,0.03196792149400984,-13.540283253879437,0.21334181019035148,-0.175901916093541,-0.5916666666666295,-0.07501834390022766
GRC,2005,0.21999999999999975,-0.2799999999999998,0.9168345064388346,36.125,0.0199425454654083,-17.485987802252396,-0.07501834390022766,-0.08030112249246601,0.8666666666666298,-1.5138102456584608
GRC,2006,-0.16000000000000014,0.21999999999999975,-1.3949932170302164,54.19999999999982,0.041016742589853994,-38.369116428152324,-1.5138102456584608,-0.00024267915778097837,-0.5999999999999996,1.6945745649784423
GRC,2007,-0.05999999999999961,-0.16000000000000014,-2.6504741125851634,84.02499999999964,0.026366544872931108,10.346144665625943,1.6945745649784423,-0.007922194316820064,-0.9749999999999712,-0.6083320828815291
GRC,2008,-0.5200000000000002,-0.05999999999999961,-3.265237049791704,36.45000000000073,0.02430773407513298,10.962046321649922,-0.6083320828815291,-0.06621179361352492,-0.6166666666666689,-4.111149051993111
GRC,2009,0.13000000000000012,-0.5200000000000002,0.0574776118680127,46.399999999999636,0.052390076390492535,-0.6646941482175208,-4.111149051993111,-0.046503087324034076,-0.6499999999999906,
GRC,2019,0.010000000000000009,-0.1299999999999999,-0.8721051989435389,75.27499999999964,0.0012985995915903992,-0.7639747586072545,0.33758583620161675,-0.039782688743019934,-2.1000000000000014,0.09796653663474852
GRC,2020,-0.3600000000000001,0.010000000000000009,1.6175938038390352,83.07500000000027,-0.0011561141199907254,-0.1945444845959443,0.09796653663474852,0.04602388604209795,-1.8583333333333982,
ITA,2002,-0.9199999999999999,0.96,0.4165418502986614,433.8250000000007,0.029685155585482015,-0.00622398662693513,-0.6600141952222598,0.031535018206160004,-1.0416666666666714,-2.0059115245765415
ITA,2003,0.06999999999999984,-0.9199999999999999,-0.6067218877892696,313.97499999999854,0.01959944645748868,0.2839191609803038,-2.0059115245765415,-0.05556595551550991,-0.5333333333333297,-1.3991136200832346
ITA,2004,-0.2799999999999998,0.06999999999999984,-0.2828246594010208,226.4250000000029,0.028062190311986868,-0.26539226790595194,-1.3991136200832346,-0.175901916093541,-0.04166666666666963,3.096656392691466
ITA,2005,0.21999999999999975,-0.2799999999999998,0.2971815887629447,315.25,0.015683825902427895,1.4086773634148102,3.096656392691466,-0.08030112249246601,-0.3833333333333293,-0.6592963205295896
ITA,2006,-0.16000000000000014,0.21999999999999975,-0.41013552327862096,44.5,0.016599656097034288,-1.5601136060837746,-0.6592963205295896,-0.00024267915778097837,-0.26666666666667105,0.8588215449927413
ITA,2007,-0.05999999999999961,-0.16000000000000014,-0.6026721818438288,350.5249999999978,0.021417058923218324,4.395100355046893,0.8588215449927413,-0.007922194316820064,-0.9166666666666599,-0.20747828441754024
ITA,2008,-0.5200000000000002,-0.05999999999999961,0.09501399565164159,136.52500000000146,0.014803118559000072,4.234684071258641,-0.20747828441754024,-0.06621179361352492,-0.7166666666666694,
ITA,2012,-0.13000000000000012,-0.5399999999999998,0.49233901528672774,71.52500000000146,0.0398323142012007,-2.764229768169315,-0.7878620543827111,-0.03588476378693706,-0.03333333333334032,
ITA,2017,-0.1299999999999999,0.06999999999999984,1.1849191679890736,293.22499999999854,-0.0022704030061166947,0.930070926001477,0.333494997248703,0.0028298830070899728,-0.25,0.2602869117816948
ITA,2018,-0.1299999999999999,-0.1299999999999999,-0.02055254278579799,264.5,0.025191435627438086,2.0963758011269036,0.2602869117816948,-0.017174353025598,-0.4916666666666991,-0.6627941366560228
ITA,2019,0.010000000000000009,-0.1299999999999999,0.06345216248174967,192.04999999999927,0.010314939860121441,0.6855815131457703,-0.6627941366560228,-0.039782688743019934,-0.6583333333333012,-0.6555321213238147
ITA,2020,-0.3600000000000001,0.010000000000000009,0.669871240598737,145.57500000000073,0.0009547786766104238,-0.19813738012967974,-0.6555321213238147,0.04602388604209795,-0.6666666666666696,
JPN,1998,-0.16000000000000014,-1.2599999999999998,0.7109951873599918,708.3333333332994,0.03378078285770325,-5.481494638634871,-1.1612258448975716,12.179532032024,0.04999999999999982,
JPN,2002,-0.23000000000000043,1.2599999999999998,-0.6368128747202673,-342.5,-0.0070118070440354785,-3.561183933751124,-1.9686247369461207,13.649092738845994,0.3166666666666593,-2.21927505999477
JPN,2003,-0.28999999999999915,-0.23000000000000043,0.6041075573453272,-817.5,-0.011144184048786254,-2.750703782979514,-2.21927505999477,3.7711344001470053,0.34166666666667034,3.5996045121283577
JPN,2004,-1.2300000000000004,-0.28999999999999915,0.47512573131100533,-141.66666666659876,0.0035707690805537595,-0.7070728248492202,3.5996045121283577,-9.318610138653,-0.1166666666666698,0.35349123906986435
JPN,2005,-0.41999999999999993,-1.2300000000000004,0.6546772215960308,124.16666666659876,0.0030031085374306876,0.7236363301535818,0.35349123906986435,-7.789427653868003,-0.5416666666666599,-0.19215432047350778
JPN,2006,-0.7600000000000002,-0.41999999999999993,-0.20537902686440335,275.83333333340124,-0.005983569715148018,-0.7479202741673987,-0.19215432047350778,1.9864121494450018,-0.2916666666666705,-0.273452231623912
JPN,2007,-0.07999999999999963,-0.7600000000000002,0.31608149701145605,325.8333333332994,0.00871663226283692,2.1864181164403504,-0.273452231623912,6.221065397765997,-0.28333333333332966,0.07821026923115709
JPN,2008,-0.25,-0.07999999999999963,0.8136324409893172,387.5,-0.002645798705407376,-3.6820709549874806,0.07821026923115709,1.4007300803060048,-0.30000000000000027,
JPN,2012,-0.10000000000000009,0.16999999999999993,-1.7764347659505146,-47.5,0.0014285760949110937,1.1708782178665444,-5.148143460732007,-8.053896158792895,-0.46666666666666945,4.055942241464982
JPN,2013,-1.09,-0.10000000000000009,-1.0529570355535347,-137.5,0.002680453959581275,-0.3761082372746074,4.055942241464982,0.10682276962170079,-0.23333333333333073,0.37742139982148204
JPN,2014,1.11,-1.09,-0.1192076047512749,469.16666666659876,0.0074792782697366,4.817254443282131,0.37742139982148204,17.78449589058289,-0.3249999999999993,-1.9124596964541343
JPN,2015,0.009999999999999787,1.11,-0.10119594577671831,445.83333333340124,0.04993495131539083,-0.8218296256440283,-1.9124596964541343,8.249431645648812,-0.43333333333333046,1.6618654256865708
JPN,2016,0.25,0.009999999999999787,2.2949092933414414,306.66666666659876,-0.010961480283355307,1.1822084160717878,1.6618654256865708,15.154797422987997,-0.2166666666666699,-0.7276678163379582
JPN,2017,-0.040000000000000036,0.25,0.7668409173170105,683.3333333334012,-0.010243344342254268,1.9600347936788722,-0.7276678163379582,-12.19959231288,-0.2583333333333302,0.7985680759009621
JPN,2018,-0.05999999999999961,-0.040000000000000036,0.32491358436562257,722.5,0.010645292922097038,0.8673012891401299,0.7985680759009621,3.3803487593319943,-0.3083333333333398,-0.9569744312456944
JPN,2019,1.0799999999999996,-0.05999999999999961,-0.6620249681113966,1395.8333333332994,0.014741131002830254,-0.8257282019089303,-0.9569744312456944,-1.7452502431140005,-0.36666666666666003,
KOR,1997,-1.5700000000000003,8.18,-2.1304773812484985,438.66666666659876,0.0516517213680463,2.691586128799603,-0.19757488884117702,33.022169098388986,-0.008333333333339965,-0.24052548549903552
KOR,1998,0.16000000000000014,-1.5700000000000003,2.117312572874412,360.83333333340124,0.03257395012405606,1.6326402903231454,-0.24052548549903552,146.087266881167,0.5583333333333398,
KOR,2001,0.8599999999999994,3.6500000000000004,-2.566947288211875,881.8166666666002,0.04330249391448593,0.3884892406659759,-0.23308671536283,-56.06601449275013,-2.1583333333333306,-0.6663377901412306
KOR,2002,-0.4299999999999997,0.8599999999999994,-1.2988077593698728,440.6749999999993,0.0635282246376736,4.7587417061367745,-0.6663377901412306,159.7698052993701,-0.4249999999999998,0.49385044693147995
KOR,2003,-0.28000000000000114,-0.4299999999999997,0.25204591554391165,617.8250000000007,0.008273768583722863,3.1813096269310748,0.49385044693147995,-39.36446833623995,-0.7416666666666698,-0.9237022152448484
KOR,2004,-0.4499999999999993,-0.28000000000000114,0.8564315443732557,-9.88333333330229,0.04307146598995981,4.042634189400076,-0.9237022152448484,-60.08638738191007,0.2916666666666696,0.5222909163603822
KOR,2005,-1.2999999999999998,-0.4499999999999993,2.0698110977844975,460.2666666667028,0.03464644358694624,2.4154369577790646,0.5222909163603822,-45.76221280351001,0.10833333333333028,-0.17344123812467083
KOR,2006,-0.5200000000000005,-1.2999999999999998,-2.3056602683560783,149.17499999999927,0.015707113374566983,1.9754074151145247,-0.17344123812467083,-120.97082258139994,0.0916666666666699,0.18521070943393125
KOR,2007,-0.2999999999999998,-0.5200000000000005,-1.0920234475239141,357.0249999999978,0.015247245929826292,2.440904360972162,0.18521070943393125,-69.47766163968708,-0.2749999999999999,0.1077906460049074
KOR,2008,1.13,-0.2999999999999998,0.6867599398333358,373.0416666666024,0.027810639486786304,4.251673491862981,0.1077906460049074,-25.297688060731957,-0.2166666666666699,-0.6649875533546303
KOR,2009,-0.45999999999999996,1.13,-0.4592468815116869,213.7083333333976,0.06819889751195296,-3.813573673364928,-0.6649875533546303,171.41148401718908,-0.08333333333333037,-1.298690586018203
KOR,2010,-0.6099999999999994,-0.45999999999999996,3.1167155964488793,-87.2083333333976,0.005005152195044271,2.8260125021065505,-1.298690586018203,174.08495992533994,0.4583333333333304,2.1418970721846695
KOR,2011,0.1299999999999999,-0.6099999999999994,-1.15577626465925,345.2000000000007,0.03005251057815217,4.513225893167402,2.1418970721846695,-119.51553649852008,0.07499999999999973,-0.6381911524839388
KOR,2012,0.2699999999999996,0.1299999999999999,-1.1025927241668088,493.6333333333969,0.04932539820270776,0.420865289621446,-0.6381911524839388,-48.128896456810025,-0.2999999999999998,-0.3699197272564938
KOR,2013,0.2599999999999998,0.2699999999999996,2.3507346231308643,428.3500000000022,0.002353307200178456,-0.14261048844366542,-0.3699197272564938,18.63247753937003,-0.18333333333333002,0.25613678637060455
KOR,2014,-1.75,0.2599999999999998,1.7778340852016115,344.5666666666002,0.003769951718143094,6.393507194681035,0.25613678637060455,-31.00923840893006,-0.125,-0.02358569222795337
KOR,2015,-0.3799999999999999,-1.75,-0.05567097432053725,597.8499999999985,0.012238105723072934,-2.8246079578964043,-0.02358569222795337,-41.86125700325988,0.3916666666666697,-0.09604027193087417
KOR,2016,2.95,-0.3799999999999999,1.4943174020591368,280.48333333339906,0.0013208985080899183,2.491637129233254,-0.09604027193087417,78.24494008406987,0.10000000000000009,0.08252751696639327
KOR,2017,-3.62,2.95,-0.5976402371069298,231.4166666666024,0.01220880221427656,7.801384185446906,0.08252751696639327,29.2801133226601,0.08333333333332993,0.0792770420963993
KOR,2018,-0.21999999999999975,-3.62,-1.8296475319138628,315.72499999999854,0.028392145594950957,3.428275523715854,0.0792770420963993,-29.954414957019935,0.008333333333330195,-0.0778314054690803
MEX,2008,-0.54,0.020000000000000018,-0.5248971526209483,852.787249999994,0.04142998827112754,1.833991804590255,-0.8383194469023995,0.025512471767399347,0.12486043999999996,-0.7896775451188107
MEX,2009,-0.26,-0.54,-0.5165642451484078,712.278750000005,0.061767194919353674,0.4754853283900786,-0.7896775451188107,0.2245933880733002,0.2530508283333299,
MEX,2012,-0.20000000000000018,0.0,-0.5545373102365656,1017.2660000000033,0.023655603289790772,3.1365535184425255,-0.36704166236584657,-0.19814330180689943,-0.14730294333334015,0.031204964640086708
MEX,2013,-0.2999999999999998,-0.20000000000000018,-0.5906597400566468,1567.846749999997,0.0462934792732419,3.132371478112205,0.031204964640086708,0.7164694640504994,-0.2808037775000001,-1.4279011922181333
MEX,2014,-3.85,-0.2999999999999998,-1.0431833219265518,520.5785000000033,0.03262896859284181,-0.8752833026450872,-1.4279011922181333,-0.38033835352750067,-0.023302844166660286,1.0778445595789679
MEX,2015,3.43,-3.85,0.676620971432117,188.09900000000198,0.039984501549055196,2.993363496508522,1.0778445595789679,0.5356033262359006,-0.10050839999999983,0.07631692941326751
MEX,2016,-0.10000000000000053,3.43,-0.7923430090524477,1195.9202499999956,0.013235554229225954,2.492504982000355,0.07631692941326751,2.5687313009755997,-0.4760148400000004,-0.4217247662103196
MEX,2017,-3.1099999999999994,-0.10000000000000053,0.25406819981641515,983.4164999999994,0.028056335698493307,0.9557381025100398,-0.4217247662103196,2.753192830165,-0.47158693833333976,0.05447518853785571
MEX,2018,-0.030000000000000027,-3.1099999999999994,0.6141312128574818,85.53100000000268,0.08551546748157612,1.0527039166941279,0.05447518853785571,0.2440974816880015,-0.4623101091666597,0.05222753190020213
NLD,2006,-0.16000000000000014,0.21999999999999975,0.04039877533541869,-274.0750000000007,0.02140808332137345,1.1983810789692129,0.007644633063490058,-0.00024267915778097837,0.18333333333333002,0.5563849702668179
NLD,2007,-0.05999999999999961,-0.16000000000000014,1.7408869263864553,125.05000000000018,0.004015970970821403,1.6036529391668282,0.5563849702668179,-0.007922194316820064,-0.875,0.09253666592535126
NLD,2008,-0.5200000000000002,-0.05999999999999961,-2.3886292872038375,230.10000000000036,0.02159377911253335,4.407323599010148,0.09253666592535126,-0.06621179361352492,-0.7750000000000004,-0.6018149273186466
NLD,2009,0.13000000000000012,-0.5200000000000002,-2.488697660607869,191.32499999999982,0.03366519767965093,-2.0435208991003364,-0.6018149273186466,-0.046503087324034076,-0.5499999999999998,
NLD,2012,-0.13000000000000012,-0.5399999999999998,1.1203743157775605,1.7000000000007276,0.03398178400234997,1.1417300324418562,0.2996402576411125,-0.03588476378693706,-0.01666666666667016,
NLD,2016,0.06999999999999984,-0.009999999999999787,-3.6483349616578042,82.35000000000036,0.002198032088576163,2.0722410180507183,0.2741526949979732,0.14775650326243805,-0.4583333333333295,0.13384674352712345
NLD,2017,-0.1299999999999999,0.06999999999999984,2.7740313475319542,108.79999999999927,0.00032882370933595695,4.53984758376609,0.13384674352712345,0.0028298830070899728,-0.8916666666666702,0.13773097318455996
NLD,2018,-0.1299999999999999,-0.1299999999999999,1.0926777296546817,177.625,0.024060241290686513,1.9623250712508664,0.13773097318455996,-0.017174353025598,-1.125,-0.2080298155486182
NLD,2019,0.010000000000000009,-0.1299999999999999,0.3926573728049494,192.39999999999964,0.019734719739737283,0.8458324899745122,-0.2080298155486182,-0.039782688743019934,-1.0083333333333302,0.01746801829639788
NLD,2020,-0.3600000000000001,0.010000000000000009,-2.127636116499966,185.0,0.034167251222190664,0.2604795544789411,0.01746801829639788,0.04602388604209795,-0.4333333333333398,
NOR,1997,2.01,-4.04,3.194467171143974,57.0,-0.0049968219069116415,-5.959076063614489,0.19053962761073562,0.12017033982592995,-0.18333333333333002,0.049791815773365444
NOR,1998,-0.81,2.01,-0.5542728078176786,62.0,0.043047618383960096,0.3691152165893641,0.049791815773365444,0.61496454126193,-0.8333333333333299,-0.6831819848498195
NOR,1999,-1.1199999999999997,-0.81,-6.477974604953571,53.0,0.017238563685752606,-3.659920176116813,-0.6831819848498195,0.4729317805754505,-0.8250000000000002,-0.2530777178550405
NOR,2000,0.96,-1.1199999999999997,5.763839857825024,14.0,0.024182012315079326,0.9255867595451832,-0.2530777178550405,0.25165502140974993,-0.05833333333333979,0.4711108229511307
NOR,2001,-0.3400000000000003,0.96,9.28009565401749,22.02500000000009,0.038655099713125196,2.358226557267585,0.4711108229511307,0.9997839826839794,0.2083333333333397,-0.4734856892639304
NOR,2002,-0.45999999999999996,-0.3400000000000003,1.1105569080229092,10.275000000000091,0.027446246596787738,0.18687548328044556,-0.4734856892639304,0.19167193098166102,0.1666666666666603,-0.40585260863916506
NOR,2003,-0.19999999999999973,-0.45999999999999996,-3.526174649396781,10.224999999999909,-0.008928042860639529,-1.7175921400833474,-0.40585260863916506,-1.002803653610031,0.25833333333333997,-0.3769541122617327
NOR,2004,0.33999999999999986,-0.19999999999999973,-0.309277657024408,-17.90000000000009,0.038731406340075214,-0.13564854440497243,-0.3769541122617327,-0.9080296200687794,0.5416666666666603,1.4465893239968404
NOR,2005,0.08000000000000007,0.33999999999999986,0.34656829818882606,8.875,-0.020244473503061133,1.574423804704253,1.4465893239968404,-0.33819565366396986,0.06666666666666998,-0.40221923687482
NOR,2006,-0.52,0.08000000000000007,4.109230451256742,16.125,0.02806159497790528,0.14740487062118035,-0.40221923687482,-0.2979236373047307,0.25,-0.08696008695306057
NOR,2007,0.21999999999999975,-0.52,-0.09677547827099531,70.34999999999991,0.03186609954581954,-1.6189203320391954,-0.08696008695306057,-0.026625898425249872,-0.9250000000000003,0.16878002801410763
NOR,2008,-0.10999999999999988,0.21999999999999975,-3.907494734784988,81.17500000000018,-0.011820054789845713,-0.21581738409301465,0.16878002801410763,-0.5563270696091296,-0.8833333333333302,-1.7995559951530882
NOR,2009,-0.1299999999999999,-0.10999999999999988,3.333033556371616,79.54999999999973,0.07026506122451215,0.3066047751876795,-1.7995559951530882,-0.21063468928413975,0.21666666666666012,
NOR,2012,0.21999999999999975,0.31000000000000005,1.6812582003303778,34.75,0.0005223291978380118,-1.2245176428491078,0.3398217083741572,-0.4372717414831504,-0.39166666666665995,0.8994817500775242
NOR,2013,0.25,0.21999999999999975,0.06023121685449695,49.90000000000009,0.0006545293519684137,4.508012132036683,0.8994817500775242,0.21034629368216073,-0.08333333333334014,-0.9838279786310706
NOR,2014,-0.8199999999999998,0.25,-2.347650318906931,16.174999999999727,0.03545794670721136,-1.705370059048164,-0.9838279786310706,0.06159945377689979,0.4500000000000002,0.7008628605686495
NOR,2015,0.52,-0.8199999999999998,0.823927459383885,25.0,0.018990349798854833,2.7062354149851586,0.7008628605686495,0.4253670262406697,-0.1583333333333301,-0.09776858000346655
NOR,2016,-0.10999999999999988,0.52,-3.0818755728391434,14.400000000000091,0.022312350119790825,0.5060087292801398,-0.09776858000346655,1.7624306265292704,0.9166666666666701,-0.4666765281658899
NOR,2017,-0.28000000000000025,-0.10999999999999988,-4.000369582045532,-2.824999999999818,0.04711375978848764,-0.1483424481565052,-0.4666765281658899,0.33590745929793897,0.21666666666665968,0.7492092152326274
NOR,2018,0.07000000000000028,-0.28000000000000025,1.4198299274299604,5.699999999999818,0.0024877271493237707,0.8674806619861712,0.7492092152326274,-0.1292166452569088,-0.5416666666666599,-1.0893129175788876
NOR,2019,-0.5800000000000001,0.07000000000000028,2.490239421159795,42.0,0.03483832325738678,-0.9403431006912797,-1.0893129175788876,-0.13618501897861002,-0.375,0.3042936309230133
NOR,2020,0.17999999999999972,-0.5800000000000001,-5.180311974196211,29.675000000000182,0.015644270207864963,-1.8961661154615612,0.3042936309230133,0.6637311436570688,-0.1166666666666698,
NZL,1998,-0.5800000000000005,-0.6799999999999997,-0.44353012027066363,10.099999999999909,-0.004171972913913802,-0.0221182775055766,-0.14883680453864634,0.058906088703990056,0.5250000000000004,-1.1990464364666027
NZL,1999,-0.5699999999999998,-0.5800000000000005,2.532221627618283,-11.650000000000091,0.013463495922145796,-3.3013236739081293,-1.1990464364666027,0.35598075196638,0.8999999999999995,1.5938357901630513
NZL,2000,-0.6299999999999999,-0.5699999999999998,-2.23132634078226,27.200000000000045,-0.020805583718346288,4.1794581730613345,1.5938357901630513,0.0232061855313499,-0.6999999999999993,-0.1821457400074562
NZL,2001,1.2399999999999998,-0.6299999999999999,1.6452455062095765,33.424999999999955,0.06346806658727111,2.7780482888926485,-0.1821457400074562,0.31295682077394016,-0.875,-0.49802241597932273
NZL,2002,0.2400000000000002,1.2399999999999998,2.430742834928422,45.575000000000045,0.025153709904138566,-3.293368554300528,-0.49802241597932273,0.17702137926887973,-0.7000000000000002,0.7771314853474633
NZL,2003,0.3599999999999999,0.2400000000000002,-1.3606247879922866,59.875,0.026174454313048656,5.920116319125334,0.7771314853474633,-0.21838819075576987,-0.15000000000000036,-0.11401449658997342
NZL,2004,0.11000000000000032,0.3599999999999999,-0.2710349045692344,48.725000000000136,0.005055910794341756,1.928838707621118,-0.11401449658997342,-0.43980687824713005,-0.5249999999999995,0.008585310017434011
NZL,2005,-0.1800000000000006,0.11000000000000032,-2.120372919842266,69.52499999999986,0.02882920510694653,2.634173058636314,0.008585310017434011,-0.2145008448980199,-0.75,-0.6388670721520046
NZL,2006,0.3799999999999999,-0.1800000000000006,-2.510695034906769,59.524999999999864,0.0380471733885015,-1.903020887800686,-0.6388670721520046,-0.08819049571805015,-0.20000000000000018,0.007021132197016833
NZL,2007,-1.8999999999999995,0.3799999999999999,-0.06685432394923918,49.100000000000364,0.03571260316348113,-0.08741552784053397,0.007021132197016833,0.12081501270469008,0.02499999999999991,0.4530072607081178
NZL,2008,-0.8,-1.8999999999999995,0.3434205168111335,36.32499999999982,0.011362543621793009,3.333482673515533,0.4530072607081178,-0.18066502446828991,-0.2749999999999999,
NZL,2011,-3.4200000000000004,3.8500000000000005,0.025769261938631605,8.799999999999727,0.024210332879571084,5.036139980176472,1.5592237079246813,-0.21244109191464,0.34999999999999964,-0.24735078699456486
NZL,2012,0.20999999999999996,-3.4200000000000004,-0.5637949214412452,31.02500000000009,0.05588909038398748,-3.866591878654603,-0.24735078699456486,-0.12112260453918,-0.1999999999999993,0.5088317946163008
NZL,2013,-0.94,0.20999999999999996,-1.1188723527278257,-4.824999999999818,-0.019577860597501662,3.343488254635922,0.5088317946163008,-0.031547849771,0.4499999999999993,-0.2572782224110901
NZL,2014,-0.06999999999999984,-0.94,0.8332804159675993,43.649999999999636,0.011907571220843849,0.45545659685240025,-0.2572782224110901,-0.014509929873269822,-0.625,0.4414026492329791
NZL,2015,0.010000000000000009,-0.06999999999999984,-0.025329785271898775,84.80000000000018,0.012985076149575558,3.6635251493980263,0.4414026492329791,-0.014556906942090109,-0.4249999999999998,0.24304652677650296
NZL,2016,-0.050000000000000044,0.010000000000000009,0.40714208572405,60.19999999999982,-0.006390382132863692,0.7565661423295538,0.24304652677650296,0.22841347754720998,-0.024999999999999467,-0.03090575628800507
NZL,2017,0.08000000000000007,-0.050000000000000044,0.6185861145028122,114.10000000000036,0.009919175112066192,3.1902839233744658,-0.03090575628800507,0.0022807544936900292,-0.27500000000000036,-0.001930014726680751
SWE,2002,-0.9199999999999999,0.96,0.7567238440052608,159.10000000000036,0.04086580011757013,-2.1767817614159526,-1.224719994375932,1.1777835369500593,0.22500000000000053,0.5150915639921736
SWE,2003,0.06999999999999984,-0.9199999999999999,-0.29629686979291225,5.824999999999818,0.01800550688025071,0.0903318124464434,0.5150915639921736,-0.6173350546969907,0.125,-0.19136114610771637
SWE,2004,-0.2799999999999998,0.06999999999999984,1.4393205689666058,-9.525000000000546,0.01605209484753667,2.15795511263633,-0.19136114610771637,-1.6428186653417285,0.6166666666666698,0.7984059893691942
SWE,2005,0.21999999999999975,-0.2799999999999998,0.1494424576950948,-24.375,-0.013549395701875078,3.401601862806224,0.7984059893691942,-0.7322272089729109,0.80833333333333,-0.4030444056959601
SWE,2006,-0.16000000000000014,0.21999999999999975,0.09800349371203243,46.400000000000546,0.005387045584497763,-0.714208327275152,-0.4030444056959601,0.12787519354978993,0.40833333333332966,0.5152873639798909
SWE,2007,-0.05999999999999961,-0.16000000000000014,2.1683862742538507,93.02499999999964,0.023343790255956787,5.069895119807072,0.5152873639798909,-0.10056389741648974,-0.5416666666666599,-0.3715710297912087
SWE,2008,-0.5200000000000002,-0.05999999999999961,0.06855958572292842,111.22500000000036,0.030576314512825498,2.5995728832210503,-0.3715710297912087,-0.61557698590964,-0.9250000000000096,
SWE,2012,-0.13000000000000012,-0.5399999999999998,-0.37082347900437274,102.17500000000018,0.046615320164079765,0.4209830847657088,-0.5975314588996079,-0.7130036341677695,-0.8250000000000002,
SWE,2015,-0.009999999999999787,0.5399999999999998,-1.0897839154408806,67.64999999999964,-0.003153133948210929,1.2476893873155177,0.7021100270407569,0.3468746034098702,-0.10833333333333073,0.6478551947413578
SWE,2016,0.06999999999999984,-0.009999999999999787,-0.6955511945929813,64.72500000000036,0.0008612445800793012,4.259238581786867,0.6478551947413578,1.56944526130874,-0.5083333333333293,-0.722249811136022
SWE,2017,-0.1299999999999999,0.06999999999999984,-0.7053266973192152,73.04999999999927,0.019962090456723036,1.2578572030336304,-0.722249811136022,0.12712798975782924,-0.44166666666667,-0.12390515727962159
SWE,2018,-0.1299999999999999,-0.1299999999999999,0.04945152786619467,111.75,0.025392517453291408,5.344958832595815,-0.12390515727962159,-0.009422532624379087,-0.2916666666666705,-0.061650952509691215
SWE,2019,0.010000000000000009,-0.1299999999999999,0.10057245861266617,75.625,0.020508979565950547,0.4736975841811386,-0.061650952509691215,0.14338134128552937,-0.3833333333333302,0.38754798804984436
SWE,2020,-0.3600000000000001,0.010000000000000009,3.101119645398177,34.275000000000546,0.01580288966356269,-0.005744797873596497,0.38754798804984436,0.7654726386536108,0.43333333333333,
