Country Code,year,delta_tariff,delta_tariff_lag1,delta_Balance_paiements_lag1,delta_Emploi_lag1,delta_IPC_lag1,delta_PIB_lag1,delta_Taux_change_lag1,delta_Chômage_lag1,dep_k0
AUS,1998,-0.33000000000000007,0.010000000000000675,0.581144234729436,67.76759175000007,0.0022463506263745714,0.07299756946982683,0.07113468411459989,-0.1436266583333392,0.15802495549280127
AUS,1999,-0.39000000000000057,-0.33000000000000007,-1.9847229622741098,150.76634233332152,0.008564565477840347,0.15802495549280127,0.24425617762704,-0.6850579583333305,-0.15528161719722067
AUS,2000,-0.2699999999999996,-0.39000000000000057,-0.580158459104446,155.1904803333382,0.01472238590094932,-0.15528161719722067,-0.04262899724195002,-0.80363805,-0.2357092791528801
AUS,2001,-1.0300000000000002,-0.2699999999999996,1.426593024713804,229.11789958334157,0.0436094832816325,-0.2357092791528801,0.17685582710894,-0.5882451583333399,-0.210570337298984
AUS,2002,-1.1099999999999999,-1.0300000000000002,1.810652575538536,113.28215908333004,0.043127833504391866,-0.210570337298984,0.20885746829057017,0.4566268333333401,0.39067035565859265
AUS,2003,0.050000000000000266,-1.1099999999999999,-1.5360400230049702,175.25160316666006,0.029379898271838734,0.39067035565859265,-0.09407763513968015,-0.3732617083333407,-0.2536534184598871
AUS,2004,-0.050000000000000266,0.050000000000000266,-1.537536628699626,206.2704106666697,0.02695927071704496,-0.2536534184598871,-0.29976190009499004,-0.4404910416666592,0.2430899450914159
AUS,2005,-0.6200000000000001,-0.050000000000000266,-0.9743643829210518,161.82436041666006,0.023162224825398425,0.2430899450914159,-0.18229181825885998,-0.53168674166667,-0.2692532472088516
AUS,2006,0.31000000000000005,-0.6200000000000001,0.3377421686248665,322.27252275000865,0.026562392078989916,-0.2692532472088516,-0.046454115534219964,-0.3628528083333302,-0.12025082776617513
AUS,2007,0.07000000000000028,0.31000000000000005,0.08463813577107793,243.5943305833316,0.03493546512985812,-0.12025082776617513,0.01511952694648011,-0.24864101666666993,0.48305018494153074
AUS,2008,-0.30000000000000027,0.07000000000000028,-0.8654089051763814,310.0410626666999,0.023009355624148853,0.48305018494153074,-0.13272565484033017,-0.40608821666666994,-0.5693006548974909
AUS,2009,0.52,-0.30000000000000027,1.849743765544929,296.9011924999995,0.042583308574632994,-0.5693006548974909,0.00231778436262009,-0.14482180000000078,-0.2211895017199056
AUS,2010,-0.8700000000000001,0.52,0.3769462467943665,74.40613250000024,0.017556156518303112,-0.2211895017199056,0.08465827514551005,1.3260557250000007,0.2362159315343243
AUS,2011,-1.0299999999999998,-0.8700000000000001,0.7998226094651186,216.66714499999944,0.02876567252326545,0.2362159315343243,-0.19198321805007001,-0.34704499166666025,0.06551686367663079
AUS,2012,0.040000000000000036,-1.0299999999999998,0.7289321375627873,191.57278899159974,0.032504461041067856,0.06551686367663079,-0.12098739569609207,-0.13214525833334,0.38357613652548295
AUS,2013,0.030000000000000027,0.040000000000000036,-1.374760837113183,136.98621716670095,0.017474233947222473,0.38357613652548295,-0.0032231938954769834,0.14218067499999965,-0.5853927889782289
AUS,2014,0.06999999999999984,0.030000000000000027,0.9665718109354131,105.90679628329963,0.02420360174088554,-0.5853927889782289,0.07044034352295903,0.43856394166667023,0.15076821626472459
AUS,2015,-0.010000000000000009,0.06999999999999984,0.3051982920085665,83.45249048339974,0.024574778382965512,0.15076821626472459,0.07303869117573991,0.41530451666667023,-0.08876955642888673
AUS,2016,-0.72,-0.010000000000000009,-1.6261497229207595,226.10644012500052,0.014971039851785939,-0.08876955642888673,0.22143619104241008,-0.020820908333339716,0.14330410882556588
AUS,2017,-0.2899999999999999,-0.72,1.2318728665994003,199.51101208329965,0.012689061707460425,0.14330410882556588,0.014457062757230021,-0.3422747333333307,-0.09863040689634317
AUS,2018,-0.030000000000000027,-0.2899999999999999,0.6471359114614836,253.53482134166734,0.01929904374912894,-0.09863040689634317,-0.040454116363970005,-0.10781734166666546,0.15375353869238817
AUS,2019,-0.08999999999999997,-0.030000000000000027,0.2543187994697744,318.74762866666424,0.01893363163719819,0.15375353869238817,0.033771702392489944,-0.2975163750000016,-0.3920470538682218
AUT,2002,-0.9199999999999999,0.96,-0.194804377664217,-33.0,0.026154957476851592,-0.8845195379561066,0.031535018206160004,0.04999999999999982,0.11963771755664487
AUT,2003,0.06999999999999984,-0.9199999999999999,2.742100837014907,49.0,0.017941669577060892,0.11963771755664487,-0.05556595551550991,0.40000000000000036,-0.26258911676611385
AUT,2006,-0.16000000000000014,0.21999999999999975,0.44766852313470507,15.425000000000182,0.02273105805078668,-0.10033299232979265,-0.00024267915778097837,0.1416666666666595,0.3428623907998676
AUT,2012,-0.13000000000000012,-0.5399999999999998,-1.1756345542120095,35.80000000000018,0.03233729839395938,0.48137348192420193,-0.03588476378693706,-0.2916666666666696,-1.538961650395508
AUT,2016,0.06999999999999984,-0.009999999999999787,-0.5076407094740809,35.599999999999454,0.008925700027553773,0.5450507929884485,0.14775650326243805,0.1166666666666707,0.48503265126410006
AUT,2017,-0.1299999999999999,0.06999999999999984,0.936838925078358,71.90000000000055,0.008876411510169824,0.48503265126410006,0.0028298830070899728,0.2999999999999998,0.07066684969875403
AUT,2018,-0.1299999999999999,-0.1299999999999999,-1.2655704828101264,39.92500000000018,0.02059906087007146,0.07066684969875403,-0.017174353025598,-0.5250000000000004,0.0891886156113536
AUT,2019,0.010000000000000009,-0.1299999999999999,-0.5614387667023332,58.899999999999636,0.01978676321958428,0.0891886156113536,-0.039782688743019934,-0.7166666666666694,-0.347503761976216
CAN,1997,-3.4399999999999995,-1.2600000000000007,1.2448258844930615,124.75,0.015583259102657898,-0.462571518089385,-0.008705104625189808,0.1000000000000103,0.9298783283065063
CAN,1998,-0.55,-3.4399999999999995,-1.7471446880093005,288.03333333340015,0.016082150001991202,0.9298783283065063,0.021215599525509887,-0.4916666666666689,-0.09484107416608722
CAN,1999,-0.42999999999999994,-0.55,-0.010608778662000828,338.84166666659985,0.00991015634972836,-0.09484107416608722,0.09849255335308005,-0.833333333333341,0.27809737704012916
CAN,2000,0.30000000000000004,-0.42999999999999994,1.5118210518890265,354.97500000000036,0.017199663612475824,0.27809737704012916,0.002043926662280038,-0.6916666666666593,-0.0004794686406652815
CAN,2001,0.29000000000000004,0.30000000000000004,2.3708387915018543,358.14166666669917,0.0268312018059067,-0.0004794686406652815,-0.0004313128984401171,-0.7750000000000004,-1.0081078396739933
CAN,2002,-0.1100000000000001,0.29000000000000004,-0.3346587135180332,172.17499999999927,0.0249376570991382,-1.0081078396739933,0.06329781933116996,0.40000000000000036,0.4697030480133164
CAN,2003,0.97,-0.1100000000000001,-0.4628181730223542,359.02500000000146,0.02233270247858421,0.4697030480133164,0.021632760091910175,0.4583333333333295,-0.50703635348112
CAN,2004,-0.95,0.97,-0.5190059851141822,369.51666666669917,0.027212004194000272,-0.50703635348112,-0.16967880074880015,-0.09999999999999964,0.5376081083423245
CAN,2005,-0.050000000000000044,-0.95,1.1189951849534379,254.18333333329974,0.018402222859736916,0.5376081083423245,-0.09926378251438983,-0.3833333333333302,0.03747668843770846
CAN,2006,-0.010000000000000009,-0.050000000000000044,-0.44087679540495106,208.49166666669953,0.021894086066799545,0.03747668843770846,-0.08938699802306016,-0.4333333333333398,-0.1964127507595922
CAN,2007,0.09000000000000008,-0.010000000000000009,-0.45734866693586373,290.23333333330083,0.0198224839161103,-0.1964127507595922,-0.0773891540745899,-0.29166666666665986,-0.25220646443485095
CAN,2008,0.0,0.09000000000000008,-0.6201341583744773,343.0750000000007,0.021158413612887728,-0.25220646443485095,-0.060001187071810014,-0.3000000000000007,-0.7223975068786905
CAN,2012,0.020000000000000018,-0.08000000000000007,0.8490273226748521,241.4083333333001,0.028705380789997292,0.014896884693153867,-0.04110647233201403,-0.533333333333335,-0.58048329822854
CAN,2013,0.050000000000000044,0.020000000000000018,-0.8163337564688993,212.03333333333285,0.015043065897674346,-0.58048329822854,0.010112773699730071,-0.22499999999999876,0.2812242938368906
CAN,2014,-0.020000000000000018,0.050000000000000044,0.3906845144675848,236.09166666666715,0.009339172825381326,0.2812242938368906,0.03088717179559397,-0.25,0.21144934053195985
CAN,2015,0.21999999999999997,-0.020000000000000018,0.8229907961311493,70.75833333333867,0.0188868738786363,0.21144934053195985,0.07456803900810005,-0.1250000000000009,-1.4863467630729317
CAN,2016,-0.08999999999999986,0.21999999999999997,-1.1762679288975875,118.7416666666577,0.011189576146112046,-1.4863467630729317,0.17357979743082996,-0.041666666666666075,0.4686539199597584
CAN,2017,-0.040000000000000036,-0.08999999999999986,0.39818706026388595,109.70833333333576,0.014186489679075542,0.4686539199597584,0.04713541337284988,0.06666666666666554,1.0720010737780776
CAN,2018,-0.050000000000000044,-0.040000000000000036,0.29671776839659847,405.2833333333365,0.015842680659733155,1.0720010737780776,-0.027308692358359865,-0.633333333333332,-0.100788584694395
CAN,2019,0.040000000000000036,-0.050000000000000044,0.4208774844855072,334.4333333333343,0.02242883923648975,-0.100788584694395,-0.001967459611650124,-0.5916666666666659,-0.36275696517357314
CZE,2001,-0.11000000000000032,1.5300000000000002,-2.325104106411839,-32.82499999999982,0.03705864961124572,1.0680633860995632,4.048237332564803,0.07500000000000107,-0.31832726836774916
CZE,2002,0.1200000000000001,-0.11000000000000032,-0.28475409917228944,2.350000000000364,0.045572379027092325,-0.31832726836774916,-0.6082208393459041,-0.6500000000000004,-0.6562328622653077
CZE,2003,0.019999999999999574,0.1200000000000001,-0.32433668198549714,47.55000000000018,0.018851007690917854,-0.6562328622653077,-5.295573480940995,-0.8333333333333304,0.7797779376935945
CZE,2004,-2.1099999999999994,0.019999999999999574,-0.34177536530413377,-29.950000000000728,0.0011866876628596756,0.7797779376935945,-4.524536542690704,0.48333333333333073,0.36108859957168216
CZE,2007,-0.05999999999999961,-0.16000000000000014,-0.18886223817088776,64.05000000000018,0.025024192572007387,0.03818594078371351,-1.3695431159419975,-0.8083333333333398,-0.18786017852046877
CZE,2008,-0.5200000000000002,-0.05999999999999961,-1.962645582686548,93.875,0.02813180759902778,-0.18786017852046877,-2.2960406322542006,-1.80833333333333,-0.7424955433906364
CZE,2016,0.06999999999999984,-0.009999999999999787,-0.09047318565719198,67.72499999999945,0.0030888700103064437,0.7923553675260745,3.8352077326055998,-1.0583333333333398,-0.653028799465569
CZE,2017,-0.1299999999999999,0.06999999999999984,1.0612906441698895,96.5,0.006811789090346743,-0.653028799465569,-0.15238114844089878,-1.0916666666666601,0.6954354586029685
CZE,2018,-0.1299999999999999,-0.1299999999999999,-0.3076720993130697,83.07500000000073,0.024209900831616338,0.6954354586029685,-1.0551300246251998,-1.0583333333333398,-0.6031772723706965
CZE,2019,0.010000000000000009,-0.1299999999999999,-1.243260928568751,72.17499999999927,0.021267191058669255,-0.6031772723706965,-1.6556636128364026,-0.64166666666666,0.2309970734391038
FRA,2002,-0.9199999999999999,0.96,0.4272329835344919,469.98875000000044,0.01621562123884779,-0.7793747034026534,0.031535018206160004,-0.81666666666667,-0.5760269134496263
FRA,2007,-0.05999999999999961,-0.16000000000000014,0.15966014167779508,165.97500000000218,0.016612490255759838,0.3626270136922115,-0.007922194316820064,-0.041666666666666075,-0.07005932885638433
FRA,2008,-0.5200000000000002,-0.05999999999999961,-0.39103160249935986,436.5249999999978,0.014770359783343068,-0.07005932885638433,-0.06621179361352492,-0.8249999999999993,-1.895520408438644
FRA,2012,-0.13000000000000012,-0.5399999999999998,-0.1464392748924328,28.150000000001455,0.02089612677381858,0.19769477573781546,-0.03588476378693706,-0.08333333333333215,-2.584719544763275
FRA,2013,0.030000000000000027,-0.13000000000000012,-0.1970978470983077,45.39999999999782,0.019353460907971964,-2.584719544763275,0.05884745592571605,0.5583333333333336,1.4474975745902035
FRA,2016,0.06999999999999984,-0.009999999999999787,0.5678120817007216,65.79999999999927,0.0003750734562819602,0.06679013239783518,0.14775650326243805,0.09166666666666856,-0.2154168887460307
FRA,2017,-0.1299999999999999,0.06999999999999984,-0.17374804485854056,137.875,0.001831670078916936,-0.2154168887460307,0.0028298830070899728,-0.3000000000000007,0.8848960546031396
FRA,2018,-0.1299999999999999,-0.1299999999999999,0.13653797565989406,223.29999999999927,0.01026991097652541,0.8848960546031396,-0.017174353025598,-0.6416666666666675,-0.23581165126572468
FRA,2019,0.010000000000000009,-0.1299999999999999,-0.13737161067950526,218.40000000000146,0.01833895943281494,-0.23581165126572468,-0.039782688743019934,-0.3999999999999986,0.20848646354521705
DEU,2007,-0.05999999999999961,-0.16000000000000014,1.05926237114394,810.9499999999971,0.015651171337169423,1.4683117210117347,-0.007922194316820064,-1.008333333333299,-0.28806717803449833
DEU,2008,-0.5200000000000002,-0.05999999999999961,0.9262311286505458,816.25,0.022723265727009334,-0.28806717803449833,-0.06621179361352492,-1.7333333333333307,-1.1808603392862793
DEU,2013,0.030000000000000027,-0.13000000000000012,0.9201825783115014,340.0749999999971,0.019885870715996568,-2.08700385347404,0.05884745592571605,-0.44166666666667,-0.1675095316896852
DEU,2014,0.5399999999999998,0.030000000000000027,-0.43534546497728055,403.77500000000146,0.014935136206461586,-0.1675095316896852,-0.024708552089215075,-0.14166666666666394,1.7088198989880277
DEU,2015,-0.009999999999999787,0.5399999999999998,0.5567581262648957,339.8000000000029,0.009027103177618123,1.7088198989880277,0.0003974823389170101,-0.23333333333333606,-0.2695298838801732
DEU,2016,0.06999999999999984,-0.009999999999999787,0.9733402894157717,339.1999999999971,0.005131023869561879,-0.2695298838801732,0.14775650326243805,-0.34999999999999787,0.2875627902015848
DEU,2017,-0.1299999999999999,0.06999999999999984,0.6960411509705562,1056.4000000000015,0.004905434904274308,0.2875627902015848,0.0028298830070899728,-0.4583333333333326,0.23542604973136205
DEU,2018,-0.1299999999999999,-0.1299999999999999,-0.8915423166585938,396.3000000000029,0.014982170265025907,0.23542604973136205,-0.017174353025598,-0.37499999999999956,-0.9065520819095461
DEU,2019,0.010000000000000009,-0.1299999999999999,0.36292204960748364,251.375,0.017173366570070847,-0.9065520819095461,-0.039782688743019934,-0.3333333333333335,-0.15254319268965028
GRC,2007,-0.05999999999999961,-0.16000000000000014,-2.6504741125851634,84.02499999999964,0.03145938305284357,1.6945745649784423,-0.007922194316820064,-0.9749999999999712,-0.6083320828815291
GRC,2008,-0.5200000000000002,-0.05999999999999961,-3.265237049791704,36.45000000000073,0.028538874718305962,-0.6083320828815291,-0.06621179361352492,-0.6166666666666689,-4.111149051993111
GRC,2019,0.010000000000000009,-0.1299999999999999,-0.8721051989435389,75.27499999999964,0.006236716270935361,0.33758583620161675,-0.039782688743019934,-2.1000000000000014,0.09796653663474852
ITA,2002,-0.9199999999999999,0.96,0.4165418502986614,433.8250000000007,0.02747085199587218,-0.6600141952222598,0.031535018206160004,-1.0416666666666714,-2.0059115245765415
ITA,2003,0.06999999999999984,-0.9199999999999999,-0.6067218877892696,313.97499999999854,0.024354215868712892,-2.0059115245765415,-0.05556595551550991,-0.5333333333333297,-1.3991136200832346
ITA,2007,-0.05999999999999961,-0.16000000000000014,-0.6026721818438288,350.5249999999978,0.02069285393883291,0.8588215449927413,-0.007922194316820064,-0.9166666666666599,-0.20747828441754024
ITA,2017,-0.1299999999999999,0.06999999999999984,1.1849191679890736,293.22499999999854,-0.0009406562982992028,0.333494997248703,0.0028298830070899728,-0.25,0.2602869117816948
ITA,2018,-0.1299999999999999,-0.1299999999999999,-0.02055254278579799,264.5,0.01219072193998727,0.2602869117816948,-0.017174353025598,-0.4916666666666991,-0.6627941366560228
ITA,2019,0.010000000000000009,-0.1299999999999999,0.06345216248175012,192.04999999999927,0.011310668896485687,-0.6627941366560228,-0.039782688743019934,-0.6583333333333012,-0.6555321213238147
JPN,2002,-0.23000000000000043,1.2599999999999998,-0.6368128747202673,-342.5,-0.006962080637419987,-1.9686247369461207,13.649092738845994,0.3166666666666593,-2.21927505999477
JPN,2003,-0.28999999999999915,-0.23000000000000043,0.6041075573453272,-817.5,-0.009010631056876939,-2.21927505999477,3.7711344001470053,0.34166666666667034,3.5996045121283577
JPN,2004,-1.2300000000000004,-0.28999999999999915,0.47512573131100533,-141.66666666659876,-0.0026143805740712622,3.5996045121283577,-9.318610138653,-0.1166666666666698,0.35349123906986435
JPN,2005,-0.41999999999999993,-1.2300000000000004,0.6546772215960308,124.16666666659876,-8.72638422810823e-05,0.35349123906986435,-7.789427653868003,-0.5416666666666599,-0.19215432047350778
JPN,2006,-0.7600000000000002,-0.41999999999999993,-0.20537902686440335,275.83333333340124,-0.002883987142041633,-0.19215432047350778,1.9864121494450018,-0.2916666666666705,-0.273452231623912
JPN,2007,-0.07999999999999963,-0.7600000000000002,0.31608149701145605,325.8333333332994,0.002534855603188113,-0.273452231623912,6.221065397765997,-0.28333333333332966,0.07821026923115709
JPN,2014,1.11,-1.09,-0.1192076047512749,469.16666666659876,0.003344779106348561,0.37742139982148204,17.78449589058289,-0.3249999999999993,-1.9124596964541343
JPN,2015,0.009999999999999787,1.11,-0.10119594577671831,445.83333333340124,0.02721846105529302,-1.9124596964541343,8.249431645648812,-0.43333333333333046,1.6618654256865708
JPN,2016,0.25,0.009999999999999787,2.2949092933414414,306.66666666659876,0.007921339490954082,1.6618654256865708,15.154797422987997,-0.2166666666666699,-0.7276678163379582
JPN,2017,-0.040000000000000036,0.25,0.7668409173170105,683.3333333334012,-0.0012733988732058776,-0.7276678163379582,-12.19959231288,-0.2583333333333302,0.7985680759009621
JPN,2018,-0.05999999999999961,-0.040000000000000036,0.32491358436562257,722.5,0.004830313192371705,0.7985680759009621,3.3803487593319943,-0.3083333333333398,-0.9569744312456944
KOR,1997,-1.5700000000000003,8.18,-2.1304773812484985,438.66666666659876,0.04807127290451785,-0.19757488884117702,33.022169098388986,-0.008333333333339965,-0.24052548549903552
KOR,2002,-0.4299999999999997,0.8599999999999994,-1.2988077593698728,440.6749999999993,0.039860661025434396,-0.6663377901412306,159.7698052993701,-0.4249999999999998,0.49385044693147995
KOR,2003,-0.28000000000000114,-0.4299999999999997,0.25204591554391165,617.8250000000007,0.027247999469512507,0.49385044693147995,-39.36446833623995,-0.7416666666666698,-0.9237022152448484
KOR,2004,-0.4499999999999993,-0.28000000000000114,0.8564315443732557,-9.88333333330229,0.034545131508206595,-0.9237022152448484,-60.08638738191007,0.2916666666666696,0.5222909163603822
KOR,2005,-1.2999999999999998,-0.4499999999999993,2.0698110977844975,460.2666666667028,0.035277014185251865,0.5222909163603822,-45.76221280351001,0.10833333333333028,-0.17344123812467083
KOR,2006,-0.5200000000000005,-1.2999999999999998,-2.3056602683560783,149.17499999999927,0.027165568190137712,-0.17344123812467083,-120.97082258139994,0.0916666666666699,0.18521070943393125
KOR,2007,-0.2999999999999998,-0.5200000000000005,-1.0920234475239141,357.0249999999978,0.02217569449251222,0.18521070943393125,-69.47766163968708,-0.2749999999999999,0.1077906460049074
KOR,2008,1.13,-0.2999999999999998,0.6867599398333358,373.0416666666024,0.02502986129006768,0.1077906460049074,-25.297688060731957,-0.2166666666666699,-0.6649875533546303
KOR,2009,-0.45999999999999996,1.13,-0.4592468815116869,213.7083333333976,0.045679584235893245,-0.6649875533546303,171.41148401718908,-0.08333333333333037,-1.298690586018203
KOR,2010,-0.6099999999999994,-0.45999999999999996,3.1167155964488793,-87.2083333333976,0.027191892104265314,-1.298690586018203,174.08495992533994,0.4583333333333304,2.1418970721846695
KOR,2011,0.1299999999999999,-0.6099999999999994,-1.15577626465925,345.2000000000007,0.028969177248410638,2.1418970721846695,-119.51553649852008,0.07499999999999973,-0.6381911524839388
KOR,2012,0.2699999999999996,0.1299999999999999,-1.1025927241668088,493.6333333333969,0.03947034549600481,-0.6381911524839388,-48.128896456810025,-0.2999999999999998,-0.3699197272564938
KOR,2013,0.2599999999999998,0.2699999999999996,2.3507346231308643,428.3500000000022,0.02163497736337483,-0.3699197272564938,18.63247753937003,-0.18333333333333002,0.25613678637060455
KOR,2014,-1.75,0.2599999999999998,1.7778340852016115,344.5666666666002,0.012929527700024757,0.25613678637060455,-31.00923840893006,-0.125,-0.02358569222795337
KOR,2015,-0.3799999999999999,-1.75,-0.05567097432053725,597.8499999999985,0.012667176132132418,-0.02358569222795337,-41.86125700325988,0.3916666666666697,-0.09604027193087417
KOR,2016,2.95,-0.3799999999999999,1.4943174020591368,280.48333333339906,0.007038489341200105,-0.09604027193087417,78.24494008406987,0.10000000000000009,0.08252751696639327
KOR,2017,-3.62,2.95,-0.5976402371069298,231.4166666666024,0.009669952341994303,0.08252751696639327,29.2801133226601,0.08333333333332993,0.0792770420963993
KOR,2018,-0.21999999999999975,-3.62,-1.8296475319138628,315.72499999999854,0.019256716626453674,0.0792770420963993,-29.954414957019935,0.008333333333330195,-0.0778314054690803
MEX,2008,-0.54,0.020000000000000018,-0.5248971526209483,852.787249999994,0.038901908774382044,-0.8383194469023995,0.025512471767399347,0.12486043999999996,-0.7896775451188107
MEX,2012,-0.20000000000000018,0.0,-0.5545373102365656,1017.2660000000033,0.033506143140252576,-0.36704166236584657,-0.19814330180689943,-0.14730294333334015,0.031204964640086708
MEX,2013,-0.2999999999999998,-0.20000000000000018,-0.5906597400566468,1567.846749999997,0.0402923363136205,0.031204964640086708,0.7164694640504994,-0.2808037775000001,-1.4279011922181333
MEX,2014,-3.85,-0.2999999999999998,-1.0431833219265518,520.5785000000033,0.03735734184162709,-1.4279011922181333,-0.38033835352750067,-0.023302844166660286,1.0778445595789679
MEX,2015,3.43,-3.85,0.676620971432117,188.09900000000198,0.03939970868945064,1.0778445595789679,0.5356033262359006,-0.10050839999999983,0.07631692941326751
MEX,2016,-0.10000000000000053,3.43,-0.7923430090524477,1195.9202499999956,0.02684289675504381,0.07631692941326751,2.5687313009755997,-0.4760148400000004,-0.4217247662103196
MEX,2017,-3.1099999999999994,-0.10000000000000053,0.25406819981641515,983.4164999999994,0.027826309640581748,-0.4217247662103196,2.753192830165,-0.47158693833333976,0.05447518853785571
MEX,2018,-0.030000000000000027,-3.1099999999999994,0.6141312128574818,85.53100000000268,0.05865992433731382,0.05447518853785571,0.2440974816880015,-0.4623101091666597,0.05222753190020213
NLD,2007,-0.05999999999999961,-0.16000000000000014,1.7408869263864553,125.05000000000018,0.010954787259242593,0.5563849702668179,-0.007922194316820064,-0.875,0.09253666592535126
NLD,2008,-0.5200000000000002,-0.05999999999999961,-2.3886292872038375,230.10000000000036,0.016009743378003982,0.09253666592535126,-0.06621179361352492,-0.7750000000000004,-0.6018149273186466
NLD,2016,0.06999999999999984,-0.009999999999999787,-3.6483349616578042,82.35000000000036,0.005984538347257207,0.2741526949979732,0.14775650326243805,-0.4583333333333295,0.13384674352712345
NLD,2017,-0.1299999999999999,0.06999999999999984,2.7740313475319542,108.79999999999927,0.003161663337578169,0.13384674352712345,0.0028298830070899728,-0.8916666666666702,0.13773097318455996
NLD,2018,-0.1299999999999999,-0.1299999999999999,1.0926777296546817,177.625,0.01372003553093748,0.13773097318455996,-0.017174353025598,-1.125,-0.2080298155486182
NLD,2019,0.010000000000000009,-0.1299999999999999,0.3926573728049494,192.39999999999964,0.01689151123840471,-0.2080298155486182,-0.039782688743019934,-1.0083333333333302,0.01746801829639788
NZL,1998,-0.5800000000000005,-0.6799999999999997,-0.44353012027066363,10.099999999999909,0.011801594803467985,-0.14883680453864634,0.058906088703990056,0.5250000000000004,-1.1990464364666027
NZL,1999,-0.5699999999999998,-0.5800000000000005,2.532221627618283,-11.650000000000091,0.012573030885143055,-1.1990464364666027,0.35598075196638,0.8999999999999995,1.5938357901630513
NZL,2000,-0.6299999999999999,-0.5699999999999998,-2.23132634078226,27.200000000000045,-0.0011433162247147521,1.5938357901630513,0.0232061855313499,-0.6999999999999993,-0.1821457400074562
NZL,2001,1.2399999999999998,-0.6299999999999999,1.6452455062095765,33.424999999999955,0.02581620352551628,-0.1821457400074562,0.31295682077394016,-0.875,-0.49802241597932273
NZL,2002,0.2400000000000002,1.2399999999999998,2.430742834928422,45.575000000000045,0.025919377858418358,-0.49802241597932273,0.17702137926887973,-0.7000000000000002,0.7771314853474633
NZL,2003,0.3599999999999999,0.2400000000000002,-1.3606247879922866,59.875,0.026418836161475667,0.7771314853474633,-0.21838819075576987,-0.15000000000000036,-0.11401449658997342
NZL,2004,0.11000000000000032,0.3599999999999999,-0.2710349045692344,48.725000000000136,0.017383786077968644,-0.11401449658997342,-0.43980687824713005,-0.5249999999999995,0.008585310017434011
NZL,2005,-0.1800000000000006,0.11000000000000032,-2.120372919842266,69.52499999999986,0.022644168872092862,0.008585310017434011,-0.2145008448980199,-0.75,-0.6388670721520046
NZL,2006,0.3799999999999999,-0.1800000000000006,-2.510695034906769,59.524999999999864,0.029918161549903566,-0.6388670721520046,-0.08819049571805015,-0.20000000000000018,0.007021132197016833
NZL,2007,-1.8999999999999995,0.3799999999999999,-0.06685432394923918,49.100000000000364,0.03310014048978793,0.007021132197016833,0.12081501270469008,0.02499999999999991,0.4530072607081178
NZL,2011,-3.4200000000000004,3.8500000000000005,0.025769261938631605,8.799999999999727,0.022759288999173677,1.5592237079246813,-0.21244109191464,0.34999999999999964,-0.24735078699456486
NZL,2012,0.20999999999999996,-3.4200000000000004,-0.5637949214412452,31.02500000000009,0.039488973056423404,-0.24735078699456486,-0.12112260453918,-0.1999999999999993,0.5088317946163008
NZL,2013,-0.94,0.20999999999999996,-1.1188723527278257,-4.824999999999818,0.010543400633305389,0.5088317946163008,-0.031547849771,0.4499999999999993,-0.2572782224110901
NZL,2014,-0.06999999999999984,-0.94,0.8332804159675993,43.649999999999636,0.011280315338640712,-0.2572782224110901,-0.014509929873269822,-0.625,0.4414026492329791
NZL,2015,0.010000000000000009,-0.06999999999999984,-0.025329785271898775,84.80000000000018,0.012200404076804894,0.4414026492329791,-0.014556906942090109,-0.4249999999999998,0.24304652677650296
NZL,2016,-0.050000000000000044,0.010000000000000009,0.40714208572405,60.19999999999982,0.0029227576697472557,0.24304652677650296,0.22841347754720998,-0.024999999999999467,-0.03090575628800507
NZL,2017,0.08000000000000007,-0.050000000000000044,0.6185861145028122,114.10000000000036,0.006441580653953949,-0.03090575628800507,0.0022807544936900292,-0.27500000000000036,-0.001930014726680751
NOR,2002,-0.45999999999999996,-0.3400000000000003,1.1105569080229092,10.275000000000091,0.02959954937236109,-0.4734856892639304,0.19167193098166102,0.1666666666666603,-0.40585260863916506
NOR,2003,-0.19999999999999973,-0.45999999999999996,-3.526174649396781,10.224999999999909,0.012785173087797475,-0.40585260863916506,-1.002803653610031,0.25833333333333997,-0.3769541122617327
NOR,2004,0.33999999999999986,-0.19999999999999973,-0.309277657024408,-17.90000000000009,0.024573830264008834,-0.3769541122617327,-0.9080296200687794,0.5416666666666603,1.4465893239968404
NOR,2008,-0.10999999999999988,0.21999999999999975,-3.907494734784988,81.17500000000018,0.007100621549575692,0.16878002801410763,-0.5563270696091296,-0.8833333333333302,-1.7995559951530882
NOR,2012,0.21999999999999975,0.31000000000000005,1.6812582003303778,34.75,0.012767661300485678,0.3398217083741572,-0.4372717414831504,-0.39166666666665995,0.8994817500775242
NOR,2013,0.25,0.21999999999999975,0.06023121685449695,49.90000000000009,0.0069444723528109265,0.8994817500775242,0.21034629368216073,-0.08333333333334014,-0.9838279786310706
NOR,2014,-0.8199999999999998,0.25,-2.347650318906931,16.174999999999727,0.020983167473849207,-0.9838279786310706,0.06159945377689979,0.4500000000000002,0.7008628605686495
NOR,2015,0.52,-0.8199999999999998,0.823927459383885,25.0,0.020211395377085495,0.7008628605686495,0.4253670262406697,-0.1583333333333301,-0.09776858000346655
NOR,2016,-0.10999999999999988,0.52,-3.0818755728391434,14.400000000000091,0.021479031677124283,-0.09776858000346655,1.7624306265292704,0.9166666666666701,-0.4666765281658899
NOR,2017,-0.28000000000000025,-0.10999999999999988,-4.000369582045532,-2.824999999999818,0.0348844018535015,-0.4666765281658899,0.33590745929793897,0.21666666666665968,0.7492092152326274
NOR,2018,0.07000000000000028,-0.28000000000000025,1.4198299274299604,5.699999999999818,0.0185773730131924,0.7492092152326274,-0.1292166452569088,-0.5416666666666599,-1.0893129175788876
NOR,2019,-0.5800000000000001,0.07000000000000028,2.490239421159795,42.0,0.027273000964724403,-1.0893129175788876,-0.13618501897861002,-0.375,0.3042936309230133
ESP,2003,0.06999999999999984,-0.9199999999999999,0.6645830240666064,643.8249999999989,0.030196041570782484,-0.3522476750755752,-0.05556595551550991,0.8833333333334004,0.06458492978542885
ESP,2004,-0.2799999999999998,0.06999999999999984,-0.22554176899872358,685.5,0.029936288207727202,0.06458492978542885,-0.175901916093541,0.049999999999998934,0.057910815292223417
ESP,2007,-0.05999999999999961,-0.16000000000000014,-1.5600420696042159,731.9249999999993,0.03455190590995283,0.12982947242499088,-0.007922194316820064,-0.7083333333333304,-0.13478081098576178
ESP,2008,-0.5200000000000002,-0.05999999999999961,-0.6338287064580932,640.9750000000022,0.02748672938880503,-0.13478081098576178,-0.06621179361352492,-0.2333333333333396,-1.5272562527303217
ESP,2016,0.06999999999999984,-0.009999999999999787,0.3403807833964583,521.7249999999985,-0.005016217306709869,0.9824503021741124,0.14775650326243805,-2.375,-0.3315262279779705
ESP,2017,-0.1299999999999999,0.06999999999999984,1.101239317304243,475.65000000000146,-0.002028035077914936,-0.3315262279779705,0.0028298830070899728,-2.4250000000000007,-0.0065475416352474
ESP,2018,-0.1299999999999999,-0.1299999999999999,-0.40978322806317724,483.59999999999854,0.019371910370953316,-0.0065475416352474,-0.017174353025598,-2.4166666666667,-0.18979007849215035
ESP,2019,0.010000000000000009,-0.1299999999999999,-0.8940379139519665,502.7000000000007,0.01661108256090671,-0.18979007849215035,-0.039782688743019934,-1.9666666666665993,-0.1999683505638511
SWE,2003,0.06999999999999984,-0.9199999999999999,-0.29629686979291225,5.824999999999818,0.021355167911374373,0.5150915639921736,-0.6173350546969907,0.125,-0.19136114610771637
SWE,2004,-0.2799999999999998,0.06999999999999984,1.4393205689666058,-9.525000000000546,0.019073492413737014,-0.19136114610771637,-1.6428186653417285,0.6166666666666698,0.7984059893691942
SWE,2005,0.21999999999999975,-0.2799999999999998,0.1494424576950948,-24.375,0.0037296345455839486,0.7984059893691942,-0.7322272089729109,0.80833333333333,-0.4030444056959601
SWE,2015,-0.009999999999999787,0.5399999999999998,-1.0897839154408806,67.64999999999964,-0.0017980003754942686,0.7021100270407569,0.3468746034098702,-0.10833333333333073,0.6478551947413578
SWE,2016,0.06999999999999984,-0.009999999999999787,-0.6955511945929813,64.72500000000036,-0.00046795692459689064,0.6478551947413578,1.56944526130874,-0.5083333333333293,-0.722249811136022
SWE,2017,-0.1299999999999999,0.06999999999999984,-0.7053266973192152,73.04999999999927,0.009794568669184933,-0.722249811136022,0.12712798975782924,-0.44166666666667,-0.12390515727962159
SWE,2018,-0.1299999999999999,-0.1299999999999999,0.04945152786619467,111.75,0.017785879798498883,-0.12390515727962159,-0.009422532624379087,-0.2916666666666705,-0.061650952509691215
GBR,2002,-0.9199999999999999,0.96,0.07074738505807465,228.0,0.016216571589245277,-0.6377597044928037,0.03371824098240406,-0.375,-0.33579659738548184
GBR,2003,0.06999999999999984,-0.9199999999999999,-0.20736870667657237,232.5,0.014637653233688042,-0.33579659738548184,-0.027746917195999976,0.09999999999999964,0.6329959914227736
GBR,2004,-0.2799999999999998,0.06999999999999984,0.16043644540625412,279.0,0.013123547929806634,0.6329959914227736,-0.05426343256555399,-0.14999999999999947,-0.324762380069357
GBR,2005,0.21999999999999975,-0.2799999999999998,-0.48586580260745316,310.25,0.014239722811136168,-0.324762380069357,-0.066531664741728,-0.27500000000000036,0.18211821100612646
GBR,2006,-0.16000000000000014,0.21999999999999975,0.32326834170613195,320.0,0.020356937068743974,0.18211821100612646,0.004355821837703,0.04999999999999982,-0.24245630324847733
GBR,2007,-0.05999999999999961,-0.16000000000000014,-1.1131435008309976,287.5,0.024876904755404716,-0.24245630324847733,-0.006720921505977029,0.625,0.29149347282615257
GBR,2012,-0.13000000000000012,-0.5399999999999998,1.1237040599532546,147.5,0.03811021886925481,-0.976434668306358,-0.023652925214881937,0.25,0.5849589615335742
GBR,2013,0.030000000000000027,-0.13000000000000012,-1.4859056436910005,319.75,0.02531780798428951,0.5849589615335742,0.007267417184264935,-0.15000000000000036,0.11730408021545269
GBR,2014,0.5399999999999998,0.030000000000000027,-1.3979650962479524,347.5,0.022658023892583756,0.11730408021545269,0.008668835850744072,-0.375,0.6091927898326825
GBR,2015,-0.009999999999999787,0.5399999999999998,-0.30126045560793546,710.75,0.014155949230132414,0.6091927898326825,-0.03238169239757904,-1.4249999999999998,-0.3896315798893921
GBR,2016,0.06999999999999984,-0.009999999999999787,0.0332946283958826,532.5,0.00400802139753953,-0.3896315798893921,0.04713213976723796,-0.8250000000000002,0.030421362756695047
GBR,2017,-0.1299999999999999,0.06999999999999984,-0.4626506312624876,460.5,0.009950330853167877,0.030421362756695047,0.08645663167388207,-0.4499999999999993,0.3149064975346191
GBR,2018,-0.1299999999999999,-0.1299999999999999,1.865609265956388,315.0,0.025416812984122572,0.3149064975346191,0.03561164828408292,-0.47500000000000053,-0.6672099614357981
GBR,2019,0.010000000000000009,-0.1299999999999999,-0.3432926746276541,382.5,0.022901764286684667,-0.6672099614357981,-0.02682057522429293,-0.3250000000000002,-0.21094314118350593
