Country Code,year,delta_tariff,delta_tariff_lag1,delta_Balance_paiements_lag1,delta_Emploi_lag1,delta_IPC_lag1,delta_PIB_lag1,delta_Taux_change_lag1,delta_Chômage_lag1
AUS,1995,,,,,,,,
AUS,1996,,,,,,,,
AUS,1997,0.010000000000000675,,1.464884121305551,110.07802050000919,0.025817683025941562,0.21881298537941674,-0.0726518731785899,0.03383255833333898
AUS,1998,-0.33000000000000007,0.010000000000000675,0.581144234729436,67.76759175000007,0.0022463506263745714,0.07299756946982683,0.07113468411459989,-0.1436266583333392
AUS,1999,-0.39000000000000057,-0.33000000000000007,-1.9847229622741098,150.76634233332152,0.008564565477840347,0.15802495549280127,0.24425617762704,-0.6850579583333305
AUS,2000,-0.2699999999999996,-0.39000000000000057,-0.580158459104446,155.1904803333382,0.01472238590094932,-0.15528161719722067,-0.04262899724195002,-0.80363805
AUS,2001,-1.0300000000000002,-0.2699999999999996,1.426593024713804,229.11789958334157,0.0436094832816325,-0.2357092791528801,0.17685582710894,-0.5882451583333399
AUS,2002,-1.1099999999999999,-1.0300000000000002,1.810652575538536,113.28215908333004,0.043127833504391866,-0.210570337298984,0.20885746829057017,0.4566268333333401
AUS,2003,0.050000000000000266,-1.1099999999999999,-1.5360400230049702,175.25160316666006,0.029379898271838734,0.39067035565859265,-0.09407763513968015,-0.3732617083333407
AUS,2004,-0.050000000000000266,0.050000000000000266,-1.537536628699626,206.2704106666697,0.02695927071704496,-0.2536534184598871,-0.29976190009499004,-0.4404910416666592
AUS,2005,-0.6200000000000001,-0.050000000000000266,-0.9743643829210518,161.82436041666006,0.023162224825398425,0.2430899450914159,-0.18229181825885998,-0.53168674166667
AUS,2006,0.31000000000000005,-0.6200000000000001,0.3377421686248665,322.27252275000865,0.026562392078989916,-0.2692532472088516,-0.046454115534219964,-0.3628528083333302
AUS,2007,0.07000000000000028,0.31000000000000005,0.08463813577107793,243.5943305833316,0.03493546512985812,-0.12025082776617513,0.01511952694648011,-0.24864101666666993
AUS,2008,-0.30000000000000027,0.07000000000000028,-0.8654089051763814,310.0410626666999,0.023009355624148853,0.48305018494153074,-0.13272565484033017,-0.40608821666666994
AUS,2009,0.52,-0.30000000000000027,1.849743765544929,296.9011924999995,0.042583308574632994,-0.5693006548974909,0.00231778436262009,-0.14482180000000078
AUS,2010,-0.8700000000000001,0.52,0.3769462467943665,74.40613250000024,0.017556156518303112,-0.2211895017199056,0.08465827514551005,1.3260557250000007
AUS,2011,-1.0299999999999998,-0.8700000000000001,0.7998226094651186,216.66714499999944,0.02876567252326545,0.2362159315343243,-0.19198321805007001,-0.34704499166666025
AUS,2012,0.040000000000000036,-1.0299999999999998,0.7289321375627873,191.57278899159974,0.032504461041067856,0.06551686367663079,-0.12098739569609207,-0.13214525833334
AUS,2013,0.030000000000000027,0.040000000000000036,-1.374760837113183,136.98621716670095,0.017474233947222473,0.38357613652548295,-0.0032231938954769834,0.14218067499999965
AUS,2014,0.06999999999999984,0.030000000000000027,0.9665718109354131,105.90679628329963,0.02420360174088554,-0.5853927889782289,0.07044034352295903,0.43856394166667023
AUS,2015,-0.010000000000000009,0.06999999999999984,0.3051982920085665,83.45249048339974,0.024574778382965512,0.15076821626472459,0.07303869117573991,0.41530451666667023
AUS,2016,-0.72,-0.010000000000000009,-1.6261497229207595,226.10644012500052,0.014971039851785939,-0.08876955642888673,0.22143619104241008,-0.020820908333339716
AUS,2017,-0.2899999999999999,-0.72,1.2318728665994003,199.51101208329965,0.012689061707460425,0.14330410882556588,0.014457062757230021,-0.3422747333333307
AUS,2018,-0.030000000000000027,-0.2899999999999999,0.6471359114614836,253.53482134166734,0.01929904374912894,-0.09863040689634317,-0.040454116363970005,-0.10781734166666546
AUS,2019,-0.08999999999999997,-0.030000000000000027,0.2543187994697744,318.74762866666424,0.01893363163719819,0.15375353869238817,0.033771702392489944,-0.2975163750000016
AUS,2020,-0.06000000000000005,-0.08999999999999997,2.548057944185698,292.34210995000103,0.015979326541507355,-0.3920470538682218,0.10001438309812016,-0.14386763333333263
AUS,2021,0.10000000000000009,-0.06000000000000005,1.7798393240263444,-226.40671082499648,0.008433394128375404,,0.014862461899459944,1.278016591666666
AUS,2022,0.17999999999999994,0.10000000000000009,0.6815348505435885,382.9422989083323,0.028236670572177047,,-0.12204744392684996,-1.3027072083333326
AUT,1995,,,,,,,,
AUT,1996,,,,,,,,
AUT,1997,,,-0.19367213590513277,-50.0,0.018438698634193784,,0.036024999999999974,0.49166666666666003
AUT,1998,,,0.4084303586731326,5.0,0.012975288712205213,-0.1393295993596907,0.11760833333333298,0.0
AUT,1999,,,0.7253725090828738,5.0,0.00918238126132831,0.4871973670812505,0.012983333333333014,-0.008333333333330195
AUT,2000,,,-0.3968506665973517,42.0,0.005673739051354154,0.07420416614331082,0.03917956477802598,-0.5749999999999993
AUT,2001,0.96,,1.7849290698242037,10.0,0.02317798706910601,-0.1650595702276183,0.14653317201884097,-0.21666666666667034
AUT,2002,-0.9199999999999999,0.96,-0.194804377664217,-33.0,0.026154957476851592,-0.8845195379561066,0.031535018206160004,0.04999999999999982
AUT,2003,0.06999999999999984,-0.9199999999999999,2.742100837014907,49.0,0.017941669577060892,0.11963771755664487,-0.05556595551550991,0.40000000000000036
AUT,2004,-0.2799999999999998,0.06999999999999984,-0.4042915305660728,33.0,0.013464483470619015,-0.26258911676611385,-0.175901916093541,
AUT,2005,0.21999999999999975,-0.2799999999999998,0.42392892760677414,-58.0,0.020402514276343098,0.8096576769705721,-0.08030112249246601,
AUT,2006,-0.16000000000000014,0.21999999999999975,0.44766852313470507,15.425000000000182,0.02273105805078668,-0.10033299232979265,-0.00024267915778097837,0.1416666666666595
AUT,2007,-0.05999999999999961,-0.16000000000000014,0.9647548908448504,,0.014312550422427961,0.3428623907998676,-0.007922194316820064,-0.3916666666666595
AUT,2008,-0.5200000000000002,-0.05999999999999961,0.28939684325824144,,0.021453772609965505,0.1438725060112307,-0.06621179361352492,-0.4249999999999998
AUT,2009,0.13000000000000012,-0.5200000000000002,0.852059819699194,70.42500000000018,0.031653220207888744,-0.9546187818760781,-0.046503087324034076,-0.7750000000000004
AUT,2010,0.2799999999999998,0.13000000000000012,-1.7792984562209209,-11.900000000000091,0.0050503195801230305,,0.035818083666871,1.2249999999999996
AUT,2011,-0.5399999999999998,0.2799999999999998,0.08918515714013608,34.52500000000009,0.017972834017661476,,0.03524309476755105,-0.47499999999999964
AUT,2012,-0.13000000000000012,-0.5399999999999998,-1.1756345542120095,35.80000000000018,0.03233729839395938,0.48137348192420193,-0.03588476378693706,-0.2916666666666696
AUT,2013,0.030000000000000027,-0.13000000000000012,-0.007912720773778359,31.97499999999991,0.024552847572540948,-1.538961650395508,0.05884745592571605,0.2916666666666696
AUT,2014,0.5399999999999998,0.030000000000000027,0.15740028767925085,20.15000000000009,0.0198041713412227,,-0.024708552089215075,0.5333333333333297
AUT,2015,-0.009999999999999787,0.5399999999999998,0.4678440411497229,8.125,0.015930489304067486,,0.0003974823389170101,0.30833333333333
AUT,2016,0.06999999999999984,-0.009999999999999787,-0.5076407094740809,35.599999999999454,0.008925700027553773,0.5450507929884485,0.14775650326243805,0.1166666666666707
AUT,2017,-0.1299999999999999,0.06999999999999984,0.936838925078358,71.90000000000055,0.008876411510169824,0.48503265126410006,0.0028298830070899728,0.2999999999999998
AUT,2018,-0.1299999999999999,-0.1299999999999999,-1.2655704828101264,39.92500000000018,0.02059906087007146,0.07066684969875403,-0.017174353025598,-0.5250000000000004
AUT,2019,0.010000000000000009,-0.1299999999999999,-0.5614387667023332,58.899999999999636,0.01978676321958428,0.0891886156113536,-0.039782688743019934,-0.7166666666666694
AUT,2020,-0.3600000000000001,0.010000000000000009,1.3622786331378656,35.649999999999636,0.015192955676442743,-0.347503761976216,0.04602388604209795,-0.36666666666666003
AUT,2021,-0.09000000000000008,-0.3600000000000001,0.9134925524145552,,0.01372448242556068,,-0.015806800748164984,1.18333333333333
AUT,2022,-0.05999999999999983,-0.09000000000000008,-1.2487378284729513,,0.027290860235908987,,-0.03198817770876505,0.17499999999999982
CAN,1995,,,,,,,,
CAN,1996,-1.2600000000000007,,,,,,,
CAN,1997,-3.4399999999999995,-1.2600000000000007,1.2448258844930615,124.75,0.015583259102657898,-0.462571518089385,-0.008705104625189808,0.1000000000000103
CAN,1998,-0.55,-3.4399999999999995,-1.7471446880093005,288.03333333340015,0.016082150001991202,0.9298783283065063,0.021215599525509887,-0.4916666666666689
CAN,1999,-0.42999999999999994,-0.55,-0.010608778662000828,338.84166666659985,0.00991015634972836,-0.09484107416608722,0.09849255335308005,-0.833333333333341
CAN,2000,0.30000000000000004,-0.42999999999999994,1.5118210518890265,354.97500000000036,0.017199663612475824,0.27809737704012916,0.002043926662280038,-0.6916666666666593
CAN,2001,0.29000000000000004,0.30000000000000004,2.3708387915018543,358.14166666669917,0.0268312018059067,-0.0004794686406652815,-0.0004313128984401171,-0.7750000000000004
CAN,2002,-0.1100000000000001,0.29000000000000004,-0.3346587135180332,172.17499999999927,0.0249376570991382,-1.0081078396739933,0.06329781933116996,0.40000000000000036
CAN,2003,0.97,-0.1100000000000001,-0.4628181730223542,359.02500000000146,0.02233270247858421,0.4697030480133164,0.021632760091910175,0.4583333333333295
CAN,2004,-0.95,0.97,-0.5190059851141822,369.51666666669917,0.027212004194000272,-0.50703635348112,-0.16967880074880015,-0.09999999999999964
CAN,2005,-0.050000000000000044,-0.95,1.1189951849534379,254.18333333329974,0.018402222859736916,0.5376081083423245,-0.09926378251438983,-0.3833333333333302
CAN,2006,-0.010000000000000009,-0.050000000000000044,-0.44087679540495106,208.49166666669953,0.021894086066799545,0.03747668843770846,-0.08938699802306016,-0.4333333333333398
CAN,2007,0.09000000000000008,-0.010000000000000009,-0.45734866693586373,290.23333333330083,0.0198224839161103,-0.1964127507595922,-0.0773891540745899,-0.29166666666665986
CAN,2008,0.0,0.09000000000000008,-0.6201341583744773,343.0750000000007,0.021158413612887728,-0.25220646443485095,-0.060001187071810014,-0.3000000000000007
CAN,2009,0.15999999999999992,0.0,-0.7013446246777322,240.00833333329865,0.023426159019831694,-0.7223975068786905,-0.006758143304069986,0.125
CAN,2010,-0.24,0.15999999999999992,-3.0347829841089164,-241.39166666660094,0.0029901929438267416,,0.07381714909645987,2.1583333333333297
CAN,2011,-0.08000000000000007,-0.24,-0.6560631688391152,222.75,0.017612697236309316,,-0.11114329866992989,-0.2749999999999986
CAN,2012,0.020000000000000018,-0.08000000000000007,0.8490273226748521,241.4083333333001,0.028705380789997292,0.014896884693153867,-0.04110647233201403,-0.533333333333335
CAN,2013,0.050000000000000044,0.020000000000000018,-0.8163337564688993,212.03333333333285,0.015043065897674346,-0.58048329822854,0.010112773699730071,-0.22499999999999876
CAN,2014,-0.020000000000000018,0.050000000000000044,0.3906845144675848,236.09166666666715,0.009339172825381326,0.2812242938368906,0.03088717179559397,-0.25
CAN,2015,0.21999999999999997,-0.020000000000000018,0.8229907961311493,70.75833333333867,0.0188868738786363,0.21144934053195985,0.07456803900810005,-0.1250000000000009
CAN,2016,-0.08999999999999986,0.21999999999999997,-1.1762679288975875,118.7416666666577,0.011189576146112046,-1.4863467630729317,0.17357979743082996,-0.041666666666666075
CAN,2017,-0.040000000000000036,-0.08999999999999986,0.39818706026388595,109.70833333333576,0.014186489679075542,0.4686539199597584,0.04713541337284988,0.06666666666666554
CAN,2018,-0.050000000000000044,-0.040000000000000036,0.29671776839659847,405.2833333333365,0.015842680659733155,1.0720010737780776,-0.027308692358359865,-0.633333333333332
CAN,2019,0.040000000000000036,-0.050000000000000044,0.4208774844855072,334.4333333333343,0.02242883923648975,-0.100788584694395,-0.001967459611650124,-0.5916666666666659
CAN,2020,-0.020000000000000018,0.040000000000000036,0.4199519681884005,364.16666666666424,0.019305141061754405,-0.36275696517357314,0.030820526930800174,-0.1583333333333341
CAN,2021,0.8600000000000001,-0.020000000000000018,-0.043075403251384925,-1002.3250000000007,0.00714441410957356,,0.014256869627959912,4.008333333333336
CAN,2022,-0.98,0.8600000000000001,1.9803570312286671,895.633333333335,0.03338828743578581,,-0.08767265261308999,-2.1583333333333368
CZE,1995,,,,,,,,
CZE,1996,,,,,,,,
CZE,1997,-0.3799999999999999,,-3.606350182727662,6.5325229999998555,0.08396216788687383,,0.6087889564986995,-0.11666666666666003
CZE,1998,-0.28000000000000025,-0.3799999999999999,0.21050402582696126,-30.159497999999985,0.08246583108031391,,4.5557384547607995,0.8833333333333302
CZE,1999,-2.38,-0.28000000000000025,3.71491839684015,,0.10163888873483184,,0.5761143933616033,1.69166666666667
CZE,2000,1.5300000000000002,-2.38,-0.17101262761905112,,0.02112967230559004,,2.307620014194697,2.233333333333329
CZE,2001,-0.11000000000000032,1.5300000000000002,-2.325104106411839,-32.82499999999982,0.03705864961124572,1.0680633860995632,4.048237332564803,0.07500000000000107
CZE,2002,0.1200000000000001,-0.11000000000000032,-0.28475409917228944,2.350000000000364,0.045572379027092325,-0.31832726836774916,-0.6082208393459041,-0.6500000000000004
CZE,2003,0.019999999999999574,0.1200000000000001,-0.32433668198549714,47.55000000000018,0.018851007690917854,-0.6562328622653077,-5.295573480940995,-0.8333333333333304
CZE,2004,-2.1099999999999994,0.019999999999999574,-0.34177536530413377,-29.950000000000728,0.0011866876628596756,0.7797779376935945,-4.524536542690704,0.48333333333333073
CZE,2005,0.21999999999999975,-2.1099999999999994,1.9824285315824923,,0.02722703546198968,0.36108859957168216,-2.5136897703745973,0.5166666666666693
CZE,2006,-0.16000000000000014,0.21999999999999975,1.1152461431502179,,0.01840064390886642,0.297123996692197,-1.7400282953761028,-0.34999999999999964
CZE,2007,-0.05999999999999961,-0.16000000000000014,-0.18886223817088776,64.05000000000018,0.025024192572007387,0.03818594078371351,-1.3695431159419975,-0.8083333333333398
CZE,2008,-0.5200000000000002,-0.05999999999999961,-1.962645582686548,93.875,0.02813180759902778,-0.18786017852046877,-2.2960406322542006,-1.80833333333333
CZE,2009,0.13000000000000012,-0.5200000000000002,3.0024674866469434,80.55000000000018,0.061646817328534276,-0.7424955433906364,-3.2110973822071998,-0.9166666666666705
CZE,2010,0.2799999999999998,0.13000000000000012,-0.845005471922976,-68.22500000000036,0.01014216743444507,,1.9725666564715993,2.2750000000000004
CZE,2011,-0.5399999999999998,0.2799999999999998,-0.918993403518908,,0.014619879567872474,,0.02907157600850141,0.6083333333333396
CZE,2012,-0.13000000000000012,-0.5399999999999998,1.1860804572183103,,0.018990720694643137,-0.42634483605214957,-1.4072802810715999,-0.5749999999999993
CZE,2013,0.030000000000000027,-0.13000000000000012,0.4511980209026232,17.275000000000546,0.032347367529282245,,1.8660776570047979,0.2583333333333293
CZE,2014,0.5399999999999998,0.030000000000000027,0.7821081821157354,47.099999999999454,0.014280524910404324,,0.02217370129870133,-0.008333333333329307
CZE,2015,-0.009999999999999787,0.5399999999999998,1.6121402146409938,37.100000000000364,0.0034339830219130008,,1.1972955219900996,-0.8500000000000005
CZE,2016,0.06999999999999984,-0.009999999999999787,-0.09047318565719198,67.72499999999945,0.0030888700103064437,0.7923553675260745,3.8352077326055998,-1.0583333333333398
CZE,2017,-0.1299999999999999,0.06999999999999984,1.0612906441698895,96.5,0.006811789090346743,-0.653028799465569,-0.15238114844089878,-1.0916666666666601
CZE,2018,-0.1299999999999999,-0.1299999999999999,-0.3076720993130697,83.07500000000073,0.024209900831616338,0.6954354586029685,-1.0551300246251998,-1.0583333333333398
CZE,2019,0.010000000000000009,-0.1299999999999999,-1.243260928568751,72.17499999999927,0.021267191058669255,-0.6031772723706965,-1.6556636128364026,-0.64166666666666
CZE,2020,-0.3600000000000001,0.010000000000000009,0.09657519602728667,9.25,0.028080778066611245,0.2309970734391038,1.2013221108601009,-0.25
CZE,2021,-0.09000000000000008,-0.3600000000000001,1.436773195805486,-67.97499999999945,0.031123551023950036,,0.2813309406174014,0.5333333333333297
CZE,2022,-0.05999999999999983,-0.09000000000000008,-3.882276595106375,,0.03767957346696704,,-1.5302362444319009,0.2583333333333302
FIN,1995,,,,,,,,
FIN,1996,,,,,,,,
FIN,1997,,,-0.2962863800163893,29.0,0.00627226939288672,,0.03786330694464801,-0.8333333333333002
FIN,1998,,,1.2569984314676077,,0.011855015394274915,,0.10006200528222198,-1.9250000000000007
FIN,1999,,,-0.009300655519172807,,0.013897691258340394,,,-1.283333333333399
FIN,2000,,,-0.20318800834987272,,0.011555348888170336,,,-1.1416666666666
FIN,2001,0.96,,2.3236893577273676,,0.029967422216341966,,0.14653317201884097,-0.4333333333333709
FIN,2002,-0.9199999999999999,0.96,0.9110256335155515,,0.025457595705094427,,0.031535018206160004,-0.6583333333333297
FIN,2003,0.06999999999999984,-0.9199999999999999,-0.04376244408047114,5.324999999999818,0.015590049423984453,,-0.05556595551550991,-0.05000000000000071
FIN,2004,-0.2799999999999998,0.06999999999999984,-3.4215632919378356,-7.424999999999727,0.008736114300482711,,-0.175901916093541,-0.06666666666666998
FIN,2005,0.21999999999999975,-0.2799999999999998,1.0324461525878075,,0.0018694851687639513,,-0.08030112249246601,-0.18333333333333002
FIN,2006,-0.16000000000000014,0.21999999999999975,-2.287707130228336,,0.006219331758003044,,-0.00024267915778097837,-0.42499999999999893
FIN,2007,-0.05999999999999961,-0.16000000000000014,0.45672633196345513,42.65000000000009,0.015545211335462383,,-0.007922194316820064,-0.68333333333333
FIN,2008,-0.5200000000000002,-0.05999999999999961,0.2635352743016983,,0.02479666794791502,,-0.06621179361352492,-0.8500000000000005
FIN,2009,0.13000000000000012,-0.5200000000000002,-2.2906956649125854,,0.03985466271089866,,-0.046503087324034076,
FIN,2010,0.2799999999999998,0.13000000000000012,0.10729388417117702,-73.59999999999991,0.0,,0.035818083666871,
FIN,2011,-0.5399999999999998,0.2799999999999998,-0.43219943080826817,-9.800000000000182,0.011771789365443652,,0.03524309476755105,0.17499999999999005
FIN,2012,-0.13000000000000012,-0.5399999999999998,-2.698810572574904,26.200000000000273,0.033597326062955624,,-0.03588476378693706,-0.5749999999999904
FIN,2013,0.030000000000000027,-0.13000000000000012,-1.1134386724626357,9.549999999999727,0.027696217503554443,,0.05884745592571605,-0.15833333333333055
FIN,2014,0.5399999999999998,0.030000000000000027,0.0372088128794017,-26.5,0.014674679591406559,,-0.024708552089215075,0.4916666666666609
FIN,2015,-0.009999999999999787,0.5399999999999998,0.6850265644245317,-9.474999999999909,0.010358168529337242,,0.0003974823389170101,0.4499999999999993
FIN,2016,0.06999999999999984,-0.009999999999999787,0.6373237832965243,-10.449999999999818,-0.0020814851926687084,,0.14775650326243805,0.7083333333333393
FIN,2017,-0.1299999999999999,0.06999999999999984,-0.8176348157647865,11.299999999999727,0.003560498903167897,,0.0028298830070899728,-0.5416666666666696
FIN,2018,-0.1299999999999999,-0.1299999999999999,1.010422247890745,25.09999999999991,0.007511865628605285,,-0.017174353025598,-0.15000000000000036
FIN,2019,0.010000000000000009,-0.1299999999999999,-1.0198677828362408,66.72500000000036,0.010779897401271832,,-0.039782688743019934,-1.3333333333333295
FIN,2020,-0.3600000000000001,0.010000000000000009,1.8736338093595069,25.674999999999727,0.01018885616249321,,0.04602388604209795,-0.69166666666667
FIN,2021,-0.09000000000000008,-0.3600000000000001,0.0882213039153887,,0.002901332617660124,,-0.015806800748164984,0.9833333333333298
FIN,2022,-0.05999999999999983,-0.09000000000000008,-0.3475480891074665,,0.021708401560118773,,-0.03198817770876505,-0.04999999999999982
FRA,1995,,,,,,,,
FRA,1996,,,,,,,,
FRA,1997,,,,58.73388000000341,0.019634805870808236,-0.5006134837864771,0.019053586337721917,0.45000000000000107
FRA,1998,,,,130.56011999999828,0.011967531966652345,0.5926772859494318,0.109994506753746,-0.06666666666670018
FRA,1999,,,,416.45712999999887,0.006490161939982642,0.31206871359541133,,-0.28333333333329946
FRA,2000,,,,484.78512000000046,0.005357041786007599,-0.0155540244537542,,-0.7333333333333005
FRA,2001,0.96,,-2.2311434943278616,623.5136300000013,0.01662070650033609,0.1973783147423671,0.14653317201884097,-1.7583333333333595
FRA,2002,-0.9199999999999999,0.96,0.4272329835344919,469.98875000000044,0.01621562123884779,-0.7793747034026534,0.031535018206160004,-0.81666666666667
FRA,2003,0.06999999999999984,-0.9199999999999999,-0.4286387949413253,,0.01905148533095513,-0.5760269134496263,-0.05556595551550991,
FRA,2004,-0.2799999999999998,0.06999999999999984,-0.3268633596424466,,0.020767575225996815,-0.0982456856931396,-0.175901916093541,
FRA,2005,0.21999999999999975,-0.2799999999999998,-0.3079164125116546,,0.021194693671067633,1.0863988073995106,-0.08030112249246601,0.36666666666666714
FRA,2006,-0.16000000000000014,0.21999999999999975,-0.43544129585428504,,0.017308041577455135,-0.4178819844309778,-0.00024267915778097837,0.01666666666666572
FRA,2007,-0.05999999999999961,-0.16000000000000014,0.15966014167779508,165.97500000000218,0.016612490255759838,0.3626270136922115,-0.007922194316820064,-0.041666666666666075
FRA,2008,-0.5200000000000002,-0.05999999999999961,-0.39103160249935986,436.5249999999978,0.014770359783343068,-0.07005932885638433,-0.06621179361352492,-0.8249999999999993
FRA,2009,0.13000000000000012,-0.5200000000000002,-0.5785096067746427,339.75,0.0277402754434366,-1.895520408438644,-0.046503087324034076,-0.583333333333333
FRA,2010,0.2799999999999998,0.13000000000000012,0.25278252074662755,-252.04999999999927,0.0008758211382478009,,0.035818083666871,1.6833333333333327
FRA,2011,-0.5399999999999998,0.2799999999999998,-0.14697888229185185,56.29999999999927,0.015195193120785433,,0.03524309476755105,0.15833333333333144
FRA,2012,-0.13000000000000012,-0.5399999999999998,-0.1464392748924328,28.150000000001455,0.02089612677381858,0.19769477573781546,-0.03588476378693706,-0.08333333333333215
FRA,2013,0.030000000000000027,-0.13000000000000012,-0.1970978470983077,45.39999999999782,0.019353460907971964,-2.584719544763275,0.05884745592571605,0.5583333333333336
FRA,2014,0.5399999999999998,0.030000000000000027,0.32886347502306235,,0.008600068152331275,1.4474975745902035,-0.024708552089215075,0.5416666666666679
FRA,2015,-0.009999999999999787,0.5399999999999998,-0.24489177264196937,,0.0050647407493897845,0.24405264734545692,0.0003974823389170101,-0.03333333333333499
FRA,2016,0.06999999999999984,-0.009999999999999787,0.5678120817007216,65.79999999999927,0.0003750734562819602,0.06679013239783518,0.14775650326243805,0.09166666666666856
FRA,2017,-0.1299999999999999,0.06999999999999984,-0.17374804485854056,137.875,0.001831670078916936,-0.2154168887460307,0.0028298830070899728,-0.3000000000000007
FRA,2018,-0.1299999999999999,-0.1299999999999999,0.13653797565989406,223.29999999999927,0.01026991097652541,0.8848960546031396,-0.017174353025598,-0.6416666666666675
FRA,2019,0.010000000000000009,-0.1299999999999999,-0.13737161067950526,218.40000000000146,0.01833895943281494,-0.23581165126572468,-0.039782688743019934,-0.3999999999999986
FRA,2020,-0.3600000000000001,0.010000000000000009,1.4236310976814908,110.79999999999927,0.011021587772159336,0.20848646354521705,0.04602388604209795,-0.5750000000000011
FRA,2021,-0.09000000000000008,-0.3600000000000001,-2.9941088225886294,,0.004753671904235368,,-0.015806800748164984,-0.40833333333333677
FRA,2022,-0.05999999999999983,-0.09000000000000008,2.3436545006239187,,0.01628991012272163,,-0.03198817770876505,-0.15833333333332966
DEU,1995,,,,,,,,
DEU,1996,,,,,,,,
DEU,1997,,,0.5640692889146869,-143.25,0.014393175377723999,-0.3827309030396299,0.03664684558473996,0.69166666666667
DEU,1998,,,0.17296398424392523,-128.75,0.019208030898491657,0.5869253208013886,0.11732018290614799,0.7333333333333307
DEU,1999,,,-0.08995374744942974,,0.009070582997409815,0.1254460382451963,,-0.22500000000000142
DEU,2000,,,-0.7049563307454885,,0.005837266141854869,0.011382163190697625,,-0.8249999999999993
DEU,2001,0.96,,-0.40950310015344704,193.11663750000298,0.014299949846791726,0.30329243136151807,0.14653317201884097,-0.6166666666666707
DEU,2002,-0.9199999999999999,0.96,1.3711780026857978,110.67895499999577,0.01964434860521358,-0.5634990157775207,0.031535018206160004,-0.14999999999999947
DEU,2003,0.06999999999999984,-0.9199999999999999,2.1065569545955363,-284.79909999999654,0.014108078528506596,,-0.05556595551550991,0.8250000000000002
DEU,2004,-0.2799999999999998,0.06999999999999984,-0.41548832781258427,-307.7958024999971,0.010289118925855156,,-0.175901916093541,1.125
DEU,2005,0.21999999999999975,-0.2799999999999998,3.032020721248167,,0.016520148675025048,,-0.08030112249246601,0.69166666666667
DEU,2006,-0.16000000000000014,0.21999999999999975,0.18075719892730202,,0.015350680651388338,-0.271095904552148,-0.00024267915778097837,0.7833333333332995
DEU,2007,-0.05999999999999961,-0.16000000000000014,1.05926237114394,810.9499999999971,0.015651171337169423,1.4683117210117347,-0.007922194316820064,-1.008333333333299
DEU,2008,-0.5200000000000002,-0.05999999999999961,0.9262311286505458,816.25,0.022723265727009334,-0.28806717803449833,-0.06621179361352492,-1.7333333333333307
DEU,2009,0.13000000000000012,-0.5200000000000002,-0.9922400115258876,552.5,0.02594434657430522,-1.1808603392862793,-0.046503087324034076,-1.1166666666666698
DEU,2010,0.2799999999999998,0.13000000000000012,0.2092121106139544,,0.003122497157048265,,0.035818083666871,-0.08333333333333393
DEU,2011,-0.5399999999999998,0.2799999999999998,-0.10044270821018664,,0.01097761055367652,,0.03524309476755105,-0.7666666666666657
DEU,2012,-0.13000000000000012,-0.5399999999999998,0.5337215199413379,,0.020539345373130402,-0.09771798277619381,-0.03588476378693706,-1.0499999999999998
DEU,2013,0.030000000000000027,-0.13000000000000012,0.9201825783115014,340.0749999999971,0.019885870715996568,-2.08700385347404,0.05884745592571605,-0.44166666666667
DEU,2014,0.5399999999999998,0.030000000000000027,-0.43534546497728055,403.77500000000146,0.014935136206461586,-0.1675095316896852,-0.024708552089215075,-0.14166666666666394
DEU,2015,-0.009999999999999787,0.5399999999999998,0.5567581262648957,339.8000000000029,0.009027103177618123,1.7088198989880277,0.0003974823389170101,-0.23333333333333606
DEU,2016,0.06999999999999984,-0.009999999999999787,0.9733402894157717,339.1999999999971,0.005131023869561879,-0.2695298838801732,0.14775650326243805,-0.34999999999999787
DEU,2017,-0.1299999999999999,0.06999999999999984,0.6960411509705562,1056.4000000000015,0.004905434904274308,0.2875627902015848,0.0028298830070899728,-0.4583333333333326
DEU,2018,-0.1299999999999999,-0.1299999999999999,-0.8915423166585938,396.3000000000029,0.014982170265025907,0.23542604973136205,-0.017174353025598,-0.37499999999999956
DEU,2019,0.010000000000000009,-0.1299999999999999,0.36292204960748364,251.375,0.017173366570070847,-0.9065520819095461,-0.039782688743019934,-0.3333333333333335
DEU,2020,-0.3600000000000001,0.010000000000000009,-0.503295086023952,,0.014353168821566342,-0.15254319268965028,0.04602388604209795,-0.2416666666666667
DEU,2021,-0.09000000000000008,-0.3600000000000001,-1.644818110510828,,0.0014476569823527186,,-0.015806800748164984,0.6749999999999998
DEU,2022,-0.05999999999999983,-0.09000000000000008,0.6900144980507967,,0.03020584205706367,,-0.03198817770876505,-0.02499999999999991
GRC,1995,,,,,,,,
GRC,1996,,,,,,,,
GRC,1997,,,,47.772829999999885,0.07876079647066803,0.1161357595424578,0.026649425287356032,
GRC,1998,,,,-14.947779999999966,0.05388197055996091,0.4333420820472681,0.09475490339936399,
GRC,1999,,,,164.56467999999995,0.046561259027635415,-0.07828970565336557,,
GRC,2000,,,,13.400000000000091,0.026024782731664864,0.016507794405705267,,
GRC,2001,0.96,,,,0.03102546908798498,0.2694534495943508,,-0.75
GRC,2002,-0.9199999999999999,0.96,,,0.033182968850764105,0.0379583703641555,,-0.5583333333332998
GRC,2003,0.06999999999999984,-0.9199999999999999,,62.599999999999454,0.03565052970896332,0.007011933849193852,-0.055565950573619904,-0.34166666666670054
GRC,2004,-0.2799999999999998,0.06999999999999984,-1.5285823185670582,,0.03469752578630292,0.21334181019035148,-0.175901916093541,-0.5916666666666295
GRC,2005,0.21999999999999975,-0.2799999999999998,0.9168345064388346,,0.02857626116602585,-0.07501834390022766,-0.08030112249246601,0.8666666666666298
GRC,2006,-0.16000000000000014,0.21999999999999975,-1.3949932170302164,,0.03483682029105051,-1.5138102456584608,-0.00024267915778097837,-0.5999999999999996
GRC,2007,-0.05999999999999961,-0.16000000000000014,-2.6504741125851634,84.02499999999964,0.03145938305284357,1.6945745649784423,-0.007922194316820064,-0.9749999999999712
GRC,2008,-0.5200000000000002,-0.05999999999999961,-3.265237049791704,36.45000000000073,0.028538874718305962,-0.6083320828815291,-0.06621179361352492,-0.6166666666666689
GRC,2009,0.13000000000000012,-0.5200000000000002,0.0574776118680127,,0.04068883071519647,-4.111149051993111,-0.046503087324034076,-0.6499999999999906
GRC,2010,0.2799999999999998,0.13000000000000012,2.4968091729645856,,0.01202811087801603,,0.035818083666871,1.9833333333333298
GRC,2011,-0.5399999999999998,0.2799999999999998,2.7658948277240345,-166.27499999999964,0.046052912608077534,,0.03524309476755105,3.2083333333333
GRC,2012,-0.13000000000000012,-0.5399999999999998,0.6496870814822948,-335.35000000000036,0.03275630778227523,,-0.03588476378693706,5.1333333333334
GRC,2013,0.030000000000000027,-0.13000000000000012,5.225754054861925,-359.3499999999999,0.014903585554826293,,0.05884745592571605,6.716666666666601
GRC,2014,0.5399999999999998,0.030000000000000027,2.1452948380536965,-181.82499999999982,-0.009255418476419308,,-0.024708552089215075,3.0166666666666977
GRC,2015,-0.009999999999999787,0.5399999999999998,0.4545917737765597,23.09999999999991,-0.013209283819596074,,0.0003974823389170101,-1.1750000000000007
GRC,2016,0.06999999999999984,-0.009999999999999787,-0.10939930028907319,74.42500000000018,-0.017511458224120702,,0.14775650326243805,-1.6666666666666998
GRC,2017,-0.1299999999999999,0.06999999999999984,-0.9247580878062924,62.875,-0.008290850210610046,,0.0028298830070899728,-1.1083333333332988
GRC,2018,-0.1299999999999999,-0.1299999999999999,-0.2729723516766134,79.125,0.011150195157885179,,-0.017174353025598,-2.0333333333332995
GRC,2019,0.010000000000000009,-0.1299999999999999,-0.8721051989435389,75.27499999999964,0.006236716270935361,0.33758583620161675,-0.039782688743019934,-2.1000000000000014
GRC,2020,-0.3600000000000001,0.010000000000000009,1.6175938038390352,83.07500000000027,0.0025267326144913227,0.09796653663474852,0.04602388604209795,-1.8583333333333982
GRC,2021,-0.09000000000000008,-0.3600000000000001,-3.3582109543437935,,-0.012558242747284787,,-0.015806800748164984,-0.26666666666660177
GRC,2022,-0.05999999999999983,-0.09000000000000008,-1.6849839134982947,,0.012163974448571757,,-0.03198817770876505,-2.8249999999999993
ITA,1995,,,,,,,,
ITA,1996,,,,,,,,
ITA,1997,,,0.9129162812975458,99.46399999999994,0.039287831625545167,,-0.04441044723445908,-0.016666666666599994
ITA,1998,,,-0.3671783567872624,,0.020225141165711058,0.5289140859182953,0.08248704553944808,0.05000000000000071
ITA,1999,,,-0.9285992445160418,,0.019362216012683398,-0.06505449329476898,,0.08333333333330017
ITA,2000,,,-1.2554394748898152,258.25,0.01649773918391073,-0.07263352748469776,,-0.4333333333333016
ITA,2001,0.96,,-1.0555897562416037,390.625,0.025060218565245762,0.8387933897134041,0.14653317201884097,-0.8166666666666984
ITA,2002,-0.9199999999999999,0.96,0.4165418502986614,433.8250000000007,0.02747085199587218,-0.6600141952222598,0.031535018206160004,-1.0416666666666714
ITA,2003,0.06999999999999984,-0.9199999999999999,-0.6067218877892696,313.97499999999854,0.024354215868712892,-2.0059115245765415,-0.05556595551550991,-0.5333333333333297
ITA,2004,-0.2799999999999998,0.06999999999999984,-0.2828246594010208,,0.026374698773357075,-1.3991136200832346,-0.175901916093541,
ITA,2005,0.21999999999999975,-0.2799999999999998,0.2971815887629447,,0.021827403044521354,3.096656392691466,-0.08030112249246601,
ITA,2006,-0.16000000000000014,0.21999999999999975,-0.41013552327862096,,0.019658441584733843,-0.6592963205295896,-0.00024267915778097837,-0.26666666666667105
ITA,2007,-0.05999999999999961,-0.16000000000000014,-0.6026721818438288,350.5249999999978,0.02069285393883291,0.8588215449927413,-0.007922194316820064,-0.9166666666666599
ITA,2008,-0.5200000000000002,-0.05999999999999961,0.09501399565164159,136.52500000000146,0.018131997851524417,-0.20747828441754024,-0.06621179361352492,-0.7166666666666694
ITA,2009,0.13000000000000012,-0.5200000000000002,-1.371937835178631,196.22499999999854,0.032930145015176215,,-0.046503087324034076,0.625
ITA,2010,0.2799999999999998,0.13000000000000012,0.8922562444071589,-391.84999999999854,0.0077178226364047475,,0.035818083666871,1.0999999999999996
ITA,2011,-0.5399999999999998,0.2799999999999998,-1.3589493879436139,-172.20000000000073,0.01513997077648721,,0.03524309476755105,0.6666666666666696
ITA,2012,-0.13000000000000012,-0.5399999999999998,0.49233901528672774,71.52500000000146,0.027426756638380567,-0.7878620543827111,-0.03588476378693706,-0.03333333333334032
ITA,2013,0.030000000000000027,-0.13000000000000012,2.5419108500292285,-32.32500000000073,0.029960299595874318,,0.05884745592571605,2.3749999999999716
ITA,2014,0.5399999999999998,0.030000000000000027,1.2232786769782271,-374.9249999999993,0.012126102037345987,,-0.024708552089215075,1.4833333333333982
ITA,2015,-0.009999999999999787,0.5399999999999998,0.7201896295415731,88.04999999999927,0.0024076746514936076,,0.0003974823389170101,0.4583333333333002
ITA,2016,0.06999999999999984,-0.009999999999999787,-0.47249739826461523,185.75,0.00038779230330554526,,0.14775650326243805,-0.8249999999999993
ITA,2017,-0.1299999999999999,0.06999999999999984,1.1849191679890736,293.22499999999854,-0.0009406562982992028,0.333494997248703,0.0028298830070899728,-0.25
ITA,2018,-0.1299999999999999,-0.1299999999999999,-0.02055254278579799,264.5,0.01219072193998727,0.2602869117816948,-0.017174353025598,-0.4916666666666991
ITA,2019,0.010000000000000009,-0.1299999999999999,0.06345216248175012,192.04999999999927,0.011310668896485687,-0.6627941366560228,-0.039782688743019934,-0.6583333333333012
ITA,2020,-0.3600000000000001,0.010000000000000009,0.6698712405987366,145.57500000000073,0.0060938640743222194,-0.6555321213238147,0.04602388604209795,-0.6666666666666696
ITA,2021,-0.09000000000000008,-0.3600000000000001,0.6313539421340506,,-0.001378024779331355,,-0.015806800748164984,-0.6333333333333293
ITA,2022,-0.05999999999999983,-0.09000000000000008,-1.6957641956422171,,0.01856444201817542,,-0.03198817770876505,0.2583333333333293
JPN,1995,,,,,,,,
JPN,1996,0.3700000000000001,,,,,,,
JPN,1997,-1.2599999999999998,0.3700000000000001,,293.33333333340124,0.0013892508963584405,0.17492081638943657,14.751651874794092,0.20000000000000018
JPN,1998,-0.16000000000000014,-1.2599999999999998,0.7109951873599918,708.3333333332994,0.016863515858331013,-1.1612258448975716,12.179532032024,0.04999999999999982
JPN,1999,0.25,-0.16000000000000014,0.6917098503012702,-425.8333333332994,0.006463157118663965,,9.897921655464998,0.7083333333333299
JPN,2000,0.07000000000000028,0.25,-0.33775007639336296,-518.3333333334012,-0.0034815133030363654,,-17.006482610375002,0.5750000000000002
JPN,2001,1.2599999999999998,0.07000000000000028,0.15641654831581997,-160.0,-0.00691394500170972,,-6.053290240724991,0.03333333333334032
JPN,2002,-0.23000000000000043,1.2599999999999998,-0.6368128747202673,-342.5,-0.006962080637419987,-1.9686247369461207,13.649092738845994,0.3166666666666593
JPN,2003,-0.28999999999999915,-0.23000000000000043,0.6041075573453272,-817.5,-0.009010631056876939,-2.21927505999477,3.7711344001470053,0.34166666666667034
JPN,2004,-1.2300000000000004,-0.28999999999999915,0.47512573131100533,-141.66666666659876,-0.0026143805740712622,3.5996045121283577,-9.318610138653,-0.1166666666666698
JPN,2005,-0.41999999999999993,-1.2300000000000004,0.6546772215960308,124.16666666659876,-8.72638422810823e-05,0.35349123906986435,-7.789427653868003,-0.5416666666666599
JPN,2006,-0.7600000000000002,-0.41999999999999993,-0.20537902686440335,275.83333333340124,-0.002883987142041633,-0.19215432047350778,1.9864121494450018,-0.2916666666666705
JPN,2007,-0.07999999999999963,-0.7600000000000002,0.31608149701145605,325.8333333332994,0.002534855603188113,-0.273452231623912,6.221065397765997,-0.28333333333332966
JPN,2008,-0.25,-0.07999999999999963,0.8136324409893172,387.5,0.0004363953811346022,0.07821026923115709,1.4007300803060048,-0.30000000000000027
JPN,2009,0.41999999999999993,-0.25,-1.8678144089246533,-183.33333333329938,0.013692908283748473,,-14.36696668548801,0.1499999999999999
JPN,2010,-0.71,0.41999999999999993,-0.025421943465039565,-946.6666666667006,-0.013431162437469446,,-9.81660259818699,1.0750000000000002
JPN,2011,0.16999999999999993,-0.71,1.0787851048190387,-163.33333333329938,-0.007442790804416788,,-5.810898076259505,-0.01666666666667016
JPN,2012,-0.10000000000000009,0.16999999999999993,-1.7764347659505146,,-0.0027282745196028912,-5.148143460732007,-8.053896158792895,-0.46666666666666945
JPN,2013,-1.09,-0.10000000000000009,-1.0529570355535347,,-0.0004407422170151776,4.055942241464982,0.10682276962170079,-0.23333333333333073
JPN,2014,1.11,-1.09,-0.1192076047512749,469.16666666659876,0.003344779106348561,0.37742139982148204,17.78449589058289,-0.3249999999999993
JPN,2015,0.009999999999999787,1.11,-0.10119594577671831,445.83333333340124,0.02721846105529302,-1.9124596964541343,8.249431645648812,-0.43333333333333046
JPN,2016,0.25,0.009999999999999787,2.2949092933414414,306.66666666659876,0.007921339490954082,1.6618654256865708,15.154797422987997,-0.2166666666666699
JPN,2017,-0.040000000000000036,0.25,0.7668409173170105,683.3333333334012,-0.0012733988732058776,-0.7276678163379582,-12.19959231288,-0.2583333333333302
JPN,2018,-0.05999999999999961,-0.040000000000000036,0.32491358436562257,722.5,0.004830313192371705,0.7985680759009621,3.3803487593319943,-0.3083333333333398
JPN,2019,1.0799999999999996,-0.05999999999999961,-0.6620249681113966,1395.8333333332994,0.009842350746517958,-0.9569744312456944,-1.7452502431140005,-0.36666666666666003
JPN,2020,-1.3099999999999996,1.0799999999999996,-0.12755667447506047,675.8333333334012,0.00467680825720862,,-1.3919426406930029,-0.0916666666666699
JPN,2021,-0.3800000000000001,-1.3099999999999996,-0.4817285883736342,-393.33333333340124,-0.000249989585070054,,-2.2834602625639917,0.4249999999999998
JPN,2022,-0.20000000000000018,-0.3800000000000001,0.9593192437203171,21.666666666598758,,,3.002874819624992,0.04166666666667007
KOR,1995,,,,,,,,
KOR,1996,8.18,,,,,,,
KOR,1997,-1.5700000000000003,8.18,-2.1304773812484985,438.66666666659876,0.04807127290451785,-0.19757488884117702,33.022169098388986,-0.008333333333339965
KOR,1998,0.16000000000000014,-1.5700000000000003,2.117312572874412,360.83333333340124,0.04343233034651295,-0.24052548549903552,146.087266881167,0.5583333333333398
KOR,1999,-7.709999999999999,0.16000000000000014,12.003761818298278,-1276.5,0.07244697993408611,,449.96955624815894,4.33333333333333
KOR,2000,3.6500000000000004,-7.709999999999999,-5.988306742997332,,0.008096705579017538,,-213.77117808519984,
KOR,2001,0.8599999999999994,3.6500000000000004,-2.566947288211875,,0.02234024600093054,-0.23308671536283,-56.06601449275013,
KOR,2002,-0.4299999999999997,0.8599999999999994,-1.2988077593698728,440.6749999999993,0.039860661025434396,-0.6663377901412306,159.7698052993701,-0.4249999999999998
KOR,2003,-0.28000000000000114,-0.4299999999999997,0.25204591554391165,617.8250000000007,0.027247999469512507,0.49385044693147995,-39.36446833623995,-0.7416666666666698
KOR,2004,-0.4499999999999993,-0.28000000000000114,0.8564315443732557,-9.88333333330229,0.034545131508206595,-0.9237022152448484,-60.08638738191007,0.2916666666666696
KOR,2005,-1.2999999999999998,-0.4499999999999993,2.0698110977844975,460.2666666667028,0.035277014185251865,0.5222909163603822,-45.76221280351001,0.10833333333333028
KOR,2006,-0.5200000000000005,-1.2999999999999998,-2.3056602683560783,149.17499999999927,0.027165568190137712,-0.17344123812467083,-120.97082258139994,0.0916666666666699
KOR,2007,-0.2999999999999998,-0.5200000000000005,-1.0920234475239141,357.0249999999978,0.02217569449251222,0.18521070943393125,-69.47766163968708,-0.2749999999999999
KOR,2008,1.13,-0.2999999999999998,0.6867599398333358,373.0416666666024,0.02502986129006768,0.1077906460049074,-25.297688060731957,-0.2166666666666699
KOR,2009,-0.45999999999999996,1.13,-0.4592468815116869,213.7083333333976,0.045679584235893245,-0.6649875533546303,171.41148401718908,-0.08333333333333037
KOR,2010,-0.6099999999999994,-0.45999999999999996,3.1167155964488793,-87.2083333333976,0.027191892104265314,-1.298690586018203,174.08495992533994,0.4583333333333304
KOR,2011,0.1299999999999999,-0.6099999999999994,-1.15577626465925,345.2000000000007,0.028969177248410638,2.1418970721846695,-119.51553649852008,0.07499999999999973
KOR,2012,0.2699999999999996,0.1299999999999999,-1.1025927241668088,493.6333333333969,0.03947034549600481,-0.6381911524839388,-48.128896456810025,-0.2999999999999998
KOR,2013,0.2599999999999998,0.2699999999999996,2.3507346231308643,428.3500000000022,0.02163497736337483,-0.3699197272564938,18.63247753937003,-0.18333333333333002
KOR,2014,-1.75,0.2599999999999998,1.7778340852016115,344.5666666666002,0.012929527700024757,0.25613678637060455,-31.00923840893006,-0.125
KOR,2015,-0.3799999999999999,-1.75,-0.05567097432053725,597.8499999999985,0.012667176132132418,-0.02358569222795337,-41.86125700325988,0.3916666666666697
KOR,2016,2.95,-0.3799999999999999,1.4943174020591368,280.48333333339906,0.007038489341200105,-0.09604027193087417,78.24494008406987,0.10000000000000009
KOR,2017,-3.62,2.95,-0.5976402371069298,231.4166666666024,0.009669952341994303,0.08252751696639327,29.2801133226601,0.08333333333332993
KOR,2018,-0.21999999999999975,-3.62,-1.8296475319138628,315.72499999999854,0.019256716626453674,0.0792770420963993,-29.954414957019935,0.008333333333330195
KOR,2019,,-0.21999999999999975,-0.15623453999744719,97.23333333339906,0.014650548198366309,-0.0778314054690803,-30.449062911730152,0.1499999999999999
KOR,2020,,,-0.8367482458447157,300.6333333333023,0.0038226872481565977,-0.3167689947780671,65.10791039275,-0.04999999999999982
KOR,2021,-0.6300000000000008,,0.8473172035163157,-218.36666666670135,0.005358497806821738,,14.833971626200082,0.15833333333333988
KOR,2022,0.8100000000000005,-0.6300000000000008,0.13080574203230544,368.45833333340124,0.024676352295570858,,-35.67162761152008,-0.26666666666667016
LUX,1995,,,,,,,,
LUX,1996,,,,,,,,
LUX,1997,,,-0.28500175826475527,3.741990333333007,0.011769082259504238,,0.03664465372166692,0.05833333333333002
LUX,1998,,,-1.3028810346460489,5.958851874766992,0.013582453398221617,1.3549443531333314,0.11856561369760499,-0.22499999999999964
LUX,1999,,,-1.7463767846927283,8.097246791900005,0.00954001163884488,0.20820435907988588,,-0.008333333333330195
LUX,2000,,,-0.5340487433954557,5.5,0.010199747347392929,0.20297044383121765,,-0.2833333333333399
LUX,2001,,,3.977278855062133,4.800000000000011,0.031021496489923805,-0.16417987507761844,0.14653317201884097,-0.17500000000000027
LUX,2002,,,-3.1158851914587746,4.400000000000006,0.02628960343648945,-0.8139452718363489,0.031535018206160004,-0.33333333333332993
LUX,2003,,,-1.6242067739216104,,0.02052872374607073,0.047933047160191755,-0.05556595551550991,0.6583333333333301
LUX,2004,,,-0.000985683113558622,,0.020291139614731613,-0.20813927754538653,-0.175901916093541,1.25
LUX,2005,,,0.3729065296302201,,0.02201274023865807,0.4794738594756487,-0.08030112249246601,1.1416666666666702
LUX,2006,,,0.18560732089163867,,0.02457253427764705,-0.5330919978401691,-0.00024267915778097837,-0.2999999999999998
LUX,2007,,,-1.761770719815381,,0.02631388245862265,0.88525375848721,-0.007922194316820064,-0.07500000000000018
LUX,2008,,,-0.053911039919643855,,0.022861264675117177,0.29715808768492735,-0.06621179361352492,-0.40833333333333055
LUX,2009,,,0.42707189358103115,,0.033452954163333715,,-0.046503087324034076,0.75
LUX,2010,,,-1.6762968766915884,,0.0036736638052419224,,0.035818083666871,0.20000000000000018
LUX,2011,,,0.6963296308457521,3.6000000000000227,0.022482162722855747,,0.03524309476755105,-0.5333333333333394
LUX,2012,,,-1.461679794780431,3.9749999999999943,0.03353809193546464,-1.2811972569926593,-0.03588476378693706,0.25
LUX,2013,,,-0.0628387988172463,11.299999999999983,0.02628005101696651,0.45726996654194496,0.05884745592571605,0.2333333333333396
LUX,2014,,,-1.3366223346139923,2.625,0.01719176740881867,0.6536625086890294,-0.024708552089215075,0.80833333333333
LUX,2015,,,4.284971576149012,,0.006265768861522858,-0.1899099353626038,0.0003974823389170101,0.17499999999999982
LUX,2016,,,-2.435755192152543,,0.004736198100441236,-0.14529734943409112,0.14775650326243805,0.40833333333333055
LUX,2017,,,2.7854197648177283,3.025000000000034,0.0029041123140478575,0.7860092302038932,0.0028298830070899728,-0.125
LUX,2018,,,1.3839622302294234,11.349999999999966,0.01715991872169642,-1.3296221010712386,-0.017174353025598,-0.7166666666666606
LUX,2019,,,-2.5712064166469757,8.074999999999989,0.01516635956450152,0.20159648086572873,-0.039782688743019934,-0.1166666666666698
LUX,2020,,,-0.1254172073946096,9.200000000000045,0.017282992509596085,0.5343148293047015,0.04602388604209795,0.09166666666667034
LUX,2021,,,-2.426814400830908,,0.008166139160316277,,-0.015806800748164984,1.0999999999999996
LUX,2022,,,3.8648093618285944,,0.024955213138674992,,-0.03198817770876505,-1.2666666666666702
MEX,1995,,,,,,,,
MEX,1996,6.77,,,,,,,
MEX,1997,-0.9399999999999995,6.77,,1320.9470000000001,0.29548939787215067,,1.1793813293376099,-0.7416666666666698
MEX,1998,-0.02999999999999936,-0.9399999999999995,,1929.3539999999994,0.18752157661931124,0.14642882641207566,0.3228548794380499,-1.7900000000000005
MEX,1999,-6.460000000000001,-0.02999999999999936,,931.7839999999997,0.1478025072882092,-0.15178515370131573,1.229770007230151,-0.5749999999999997
MEX,2000,8.56,-6.460000000000001,,417.9670000000042,0.1534557458935608,-0.8087112956911173,0.39963186427035957,-0.6550000000000002
MEX,2001,0.08999999999999986,8.56,,819.3580000000002,0.09067728200824243,0.6018491552396192,-0.09989821427333112,0.0008333333333299109
MEX,2002,-10.21,0.08999999999999986,,90.17199999999866,0.06173211828872205,,-0.10881141667712946,0.2508333333333401
MEX,2003,10.41,-10.21,,875.3499999999985,0.04908281214775201,,0.3162319372101905,0.22166666666666002
MEX,2004,-12.44,10.41,,317.7870000000039,0.044465568881065565,,1.1342272182679505,0.4275000000000002
MEX,2005,0.0,-12.44,,,0.04581820126575842,1.101085271118553,0.4887694772256985,
MEX,2006,-0.6099999999999999,0.0,,,0.03910590594372465,-0.5230620651718327,-0.39381061947109863,
MEX,2007,0.020000000000000018,-0.6099999999999999,,1299.3247499999998,0.03565149747599872,0.8214341709381832,0.013454370255299608,0.0009580991666702232
MEX,2008,-0.54,0.020000000000000018,-0.5248971526209483,852.787249999994,0.038901908774382044,-0.8383194469023995,0.025512471767399347,0.12486043999999996
MEX,2009,-0.26,-0.54,-0.5165642451484078,712.278750000005,0.049979758151708964,-0.7896775451188107,0.2245933880733002,0.2530508283333299
MEX,2010,3.76,-0.26,0.5683650265617637,491.82474999999977,0.05161813432354734,,2.3510007081686,1.5044129141666702
MEX,2011,0.0,3.76,0.4225054182383104,686.2694999999949,0.040726577205057346,,-0.8723565335026997,-0.0981919458333298
MEX,2012,-0.20000000000000018,0.0,-0.5545373102365656,1017.2660000000033,0.033506143140252576,-0.36704166236584657,-0.19814330180689943,-0.14730294333334015
MEX,2013,-0.2999999999999998,-0.20000000000000018,-0.5906597400566468,1567.846749999997,0.0402923363136205,0.031204964640086708,0.7164694640504994,-0.2808037775000001
MEX,2014,-3.85,-0.2999999999999998,-1.0431833219265518,520.5785000000033,0.03735734184162709,-1.4279011922181333,-0.38033835352750067,-0.023302844166660286
MEX,2015,3.43,-3.85,0.676620971432117,188.09900000000198,0.03939970868945064,1.0778445595789679,0.5356033262359006,-0.10050839999999983
MEX,2016,-0.10000000000000053,3.43,-0.7923430090524477,1195.9202499999956,0.02684289675504381,0.07631692941326751,2.5687313009755997,-0.4760148400000004
MEX,2017,-3.1099999999999994,-0.10000000000000053,0.25406819981641515,983.4164999999994,0.027826309640581748,-0.4217247662103196,2.753192830165,-0.47158693833333976
MEX,2018,-0.030000000000000027,-3.1099999999999994,0.6141312128574818,85.53100000000268,0.05865992433731382,0.05447518853785571,0.2440974816880015,-0.4623101091666597
MEX,2019,,-0.030000000000000027,-0.3351184471787674,1481.5117499999978,0.04783114221458806,0.05222753190020213,0.306670256022997,-0.09885036666667002
MEX,2020,,,1.7135215286477032,1452.7577500000043,0.03571419956250743,,0.03858213506959984,0.1702663649999998
MEX,2021,,,2.895259473476622,,0.03340415816780329,,2.184118771456802,
MEX,2022,,,,,0.05533260590338607,,-1.1775219175214993,
NLD,1995,,,,,,,,
NLD,1996,,,,,,,,
NLD,1997,,,,150.19999999999982,0.01930611087958045,0.09164482017821762,0.03666544146008299,-0.6833333333333398
NLD,1998,,,,254.19999999999982,0.02087308970949131,0.21740565794737932,0.12014587521346609,-1.1749999999999998
NLD,1999,,,,216.0,0.019401922737992017,0.09180931514129465,,-1.3666666666666698
NLD,2000,,,,,0.021342413574934938,0.07942629261544032,,-0.9000000000000004
NLD,2001,0.96,,,,0.023330928241039217,-0.17540210033354287,0.14653317201884097,-0.5666666666666598
NLD,2002,-0.9199999999999999,0.96,,198.09999999999945,0.04071806533058275,-0.5967197125903368,0.031535018206160004,-0.5916666666666699
NLD,2003,0.06999999999999984,-0.9199999999999999,,99.52500000000055,0.03234647662856638,-2.246545425348298,-0.05556595551550991,
NLD,2004,-0.2799999999999998,0.06999999999999984,,-46.30000000000018,0.020704165787972073,-0.9194658373608251,-0.175901916093541,
NLD,2005,0.21999999999999975,-0.2799999999999998,,,0.012557299970457514,3.020862048749582,-0.08030112249246601,0.8666666666666707
NLD,2006,-0.16000000000000014,0.21999999999999975,0.04039877533541869,,0.016740396181021744,0.007644633063490058,-0.00024267915778097837,0.18333333333333002
NLD,2007,-0.05999999999999961,-0.16000000000000014,1.7408869263864553,125.05000000000018,0.010954787259242593,0.5563849702668179,-0.007922194316820064,-0.875
NLD,2008,-0.5200000000000002,-0.05999999999999961,-2.3886292872038375,230.10000000000036,0.016009743378003982,0.09253666592535126,-0.06621179361352492,-0.7750000000000004
NLD,2009,0.13000000000000012,-0.5200000000000002,-2.488697660607869,191.32499999999982,0.024560915946988615,-0.6018149273186466,-0.046503087324034076,-0.5499999999999998
NLD,2010,0.2799999999999998,0.13000000000000012,-1.3793699014005902,5.524999999999636,0.011827546693487179,,0.035818083666871,0.6666666666666696
NLD,2011,-0.5399999999999998,0.2799999999999998,3.3404491252314266,-93.72500000000036,0.01267242156628079,,0.03524309476755105,0.6416666666666702
NLD,2012,-0.13000000000000012,-0.5399999999999998,1.1203743157775605,1.7000000000007276,0.02314087441365764,0.2996402576411125,-0.03588476378693706,-0.01666666666667016
NLD,2013,0.030000000000000027,-0.13000000000000012,0.041303786398836806,53.67499999999927,0.024258837088414253,,0.05884745592571605,0.7666666666666702
NLD,2014,0.5399999999999998,0.030000000000000027,0.33723366787606146,-59.94999999999891,0.024759913023976843,,-0.024708552089215075,1.375
NLD,2015,-0.009999999999999787,0.5399999999999998,0.41589723515631327,-49.350000000000364,0.009713026260042668,,0.0003974823389170101,0.15833333333332966
NLD,2016,0.06999999999999984,-0.009999999999999787,-3.6483349616578042,82.35000000000036,0.005984538347257207,0.2741526949979732,0.14775650326243805,-0.4583333333333295
NLD,2017,-0.1299999999999999,0.06999999999999984,2.7740313475319542,108.79999999999927,0.003161663337578169,0.13384674352712345,0.0028298830070899728,-0.8916666666666702
NLD,2018,-0.1299999999999999,-0.1299999999999999,1.0926777296546817,177.625,0.01372003553093748,0.13773097318455996,-0.017174353025598,-1.125
NLD,2019,0.010000000000000009,-0.1299999999999999,0.3926573728049494,192.39999999999964,0.01689151123840471,-0.2080298155486182,-0.039782688743019934,-1.0083333333333302
NLD,2020,-0.3600000000000001,0.010000000000000009,-2.127636116499966,185.0,0.025996144111644526,0.01746801829639788,0.04602388604209795,-0.4333333333333398
NLD,2021,-0.09000000000000008,-0.3600000000000001,-1.2403385151230708,,0.012644326290479846,,-0.015806800748164984,0.4166666666666696
NLD,2022,-0.05999999999999983,-0.09000000000000008,5.077614090538352,,0.02640548710535917,,-0.03198817770876505,-0.625
NZL,1995,,,,,,,,
NZL,1996,,,,,,,,
NZL,1997,-0.6799999999999997,,-0.8371580473117524,53.80000000000018,0.02259983149363265,-0.08137527984345105,-0.07031631657269988,-0.15000000000000036
NZL,1998,-0.5800000000000005,-0.6799999999999997,-0.44353012027066363,10.099999999999909,0.011801594803467985,-0.14883680453864634,0.058906088703990056,0.5250000000000004
NZL,1999,-0.5699999999999998,-0.5800000000000005,2.532221627618283,-11.650000000000091,0.012573030885143055,-1.1990464364666027,0.35598075196638,0.8999999999999995
NZL,2000,-0.6299999999999999,-0.5699999999999998,-2.23132634078226,27.200000000000045,-0.0011433162247147521,1.5938357901630513,0.0232061855313499,-0.6999999999999993
NZL,2001,1.2399999999999998,-0.6299999999999999,1.6452455062095765,33.424999999999955,0.02581620352551628,-0.1821457400074562,0.31295682077394016,-0.875
NZL,2002,0.2400000000000002,1.2399999999999998,2.430742834928422,45.575000000000045,0.025919377858418358,-0.49802241597932273,0.17702137926887973,-0.7000000000000002
NZL,2003,0.3599999999999999,0.2400000000000002,-1.3606247879922866,59.875,0.026418836161475667,0.7771314853474633,-0.21838819075576987,-0.15000000000000036
NZL,2004,0.11000000000000032,0.3599999999999999,-0.2710349045692344,48.725000000000136,0.017383786077968644,-0.11401449658997342,-0.43980687824713005,-0.5249999999999995
NZL,2005,-0.1800000000000006,0.11000000000000032,-2.120372919842266,69.52499999999986,0.022644168872092862,0.008585310017434011,-0.2145008448980199,-0.75
NZL,2006,0.3799999999999999,-0.1800000000000006,-2.510695034906769,59.524999999999864,0.029918161549903566,-0.6388670721520046,-0.08819049571805015,-0.20000000000000018
NZL,2007,-1.8999999999999995,0.3799999999999999,-0.06685432394923918,49.100000000000364,0.03310014048978793,0.007021132197016833,0.12081501270469008,0.02499999999999991
NZL,2008,-0.8,-1.8999999999999995,0.3434205168111335,36.32499999999982,0.023483524246127097,0.4530072607081178,-0.18066502446828991,-0.2749999999999999
NZL,2009,-0.14000000000000012,-0.8,-0.872277321511862,6.925000000000182,0.03882586839793056,,0.06450182920355996,0.4500000000000002
NZL,2010,3.8500000000000005,-0.14000000000000012,5.408406312188271,-29.75,0.020935866234538025,,0.17453503267782988,1.8499999999999996
NZL,2011,-3.4200000000000004,3.8500000000000005,0.025769261938631605,8.799999999999727,0.022759288999173677,1.5592237079246813,-0.21244109191464,0.34999999999999964
NZL,2012,0.20999999999999996,-3.4200000000000004,-0.5637949214412452,31.02500000000009,0.039488973056423404,-0.24735078699456486,-0.12112260453918,-0.1999999999999993
NZL,2013,-0.94,0.20999999999999996,-1.1188723527278257,-4.824999999999818,0.010543400633305389,0.5088317946163008,-0.031547849771,0.4499999999999993
NZL,2014,-0.06999999999999984,-0.94,0.8332804159675993,43.649999999999636,0.011280315338640712,-0.2572782224110901,-0.014509929873269822,-0.625
NZL,2015,0.010000000000000009,-0.06999999999999984,-0.025329785271898775,84.80000000000018,0.012200404076804894,0.4414026492329791,-0.014556906942090109,-0.4249999999999998
NZL,2016,-0.050000000000000044,0.010000000000000009,0.40714208572405,60.19999999999982,0.0029227576697472557,0.24304652677650296,0.22841347754720998,-0.024999999999999467
NZL,2017,0.08000000000000007,-0.050000000000000044,0.6185861145028122,114.10000000000036,0.006441580653953949,-0.03090575628800507,0.0022807544936900292,-0.27500000000000036
NZL,2018,,0.08000000000000007,-0.8212136039204103,103.72499999999991,0.018338684398798932,-0.001930014726680751,-0.029124345167510057,-0.40000000000000036
NZL,2019,,,-1.3534046002613134,65.15000000000009,0.01585659655453675,0.01208312268730305,0.038220826314390166,-0.39999999999999947
NZL,2020,-0.06000000000000005,,1.3899444376352657,37.69999999999982,0.016066557870598963,-0.21534015438254217,0.0723967237985399,-0.22500000000000053
NZL,2021,0.010000000000000009,-0.06000000000000005,1.6064962488570174,28.59999999999991,0.017000289708295035,,0.023230345340049974,0.5
NZL,2022,0.84,0.010000000000000009,-4.33951647925971,53.92500000000018,0.03865440482894478,,-0.12721379833270996,-0.7999999999999998
NOR,1995,,,,,,,,
NOR,1996,-4.04,,,,,,,
NOR,1997,2.01,-4.04,3.194467171143974,57.0,0.012546290033989216,0.19053962761073562,0.12017033982592995,
NOR,1998,-0.81,2.01,-0.5542728078176786,62.0,0.025345310356371442,0.049791815773365444,0.61496454126193,
NOR,1999,-1.1199999999999997,-0.81,-6.477974604953571,53.0,0.022274210611938017,-0.6831819848498195,0.4729317805754505,
NOR,2000,0.96,-1.1199999999999997,5.763839857825024,,0.02338412143511004,-0.2530777178550405,0.25165502140974993,-0.05833333333333979
NOR,2001,-0.3400000000000003,0.96,9.28009565401749,,0.030388614078786347,0.4711108229511307,0.9997839826839794,0.2083333333333397
NOR,2002,-0.45999999999999996,-0.3400000000000003,1.1105569080229092,10.275000000000091,0.02959954937236109,-0.4734856892639304,0.19167193098166102,0.1666666666666603
NOR,2003,-0.19999999999999973,-0.45999999999999996,-3.526174649396781,10.224999999999909,0.012785173087797475,-0.40585260863916506,-1.002803653610031,0.25833333333333997
NOR,2004,0.33999999999999986,-0.19999999999999973,-0.309277657024408,-17.90000000000009,0.024573830264008834,-0.3769541122617327,-0.9080296200687794,0.5416666666666603
NOR,2005,0.08000000000000007,0.33999999999999986,0.34656829818882606,,0.004534687766575729,1.4465893239968404,-0.33819565366396986,0.06666666666666998
NOR,2006,-0.52,0.08000000000000007,4.109230451256742,,0.015205150332161743,-0.40221923687482,-0.2979236373047307,
NOR,2007,0.21999999999999975,-0.52,-0.09677547827099531,,0.023026345211518695,-0.08696008695306057,-0.026625898425249872,
NOR,2008,-0.10999999999999988,0.21999999999999975,-3.907494734784988,81.17500000000018,0.007100621549575692,0.16878002801410763,-0.5563270696091296,-0.8833333333333302
NOR,2009,-0.1299999999999999,-0.10999999999999988,3.333033556371616,79.54999999999973,0.036851859803658016,-1.7995559951530882,-0.21063468928413975,0.21666666666666012
NOR,2010,0.71,-0.1299999999999999,-4.887053962191228,-14.224999999999909,0.021735912868618534,,0.6422814495890492,0.5249999999999999
NOR,2011,0.31000000000000005,0.71,-0.04129267691467575,1.300000000000182,0.023901142336602454,,-0.24825366867431953,0.5
NOR,2012,0.21999999999999975,0.31000000000000005,1.6812582003303778,34.75,0.012767661300485678,0.3398217083741572,-0.4372717414831504,-0.39166666666665995
NOR,2013,0.25,0.21999999999999975,0.06023121685449695,49.90000000000009,0.0069444723528109265,0.8994817500775242,0.21034629368216073,-0.08333333333334014
NOR,2014,-0.8199999999999998,0.25,-2.347650318906931,16.174999999999727,0.020983167473849207,-0.9838279786310706,0.06159945377689979,0.4500000000000002
NOR,2015,0.52,-0.8199999999999998,0.823927459383885,25.0,0.020211395377085495,0.7008628605686495,0.4253670262406697,-0.1583333333333301
NOR,2016,-0.10999999999999988,0.52,-3.0818755728391434,14.400000000000091,0.021479031677124283,-0.09776858000346655,1.7624306265292704,0.9166666666666701
NOR,2017,-0.28000000000000025,-0.10999999999999988,-4.000369582045532,-2.824999999999818,0.0348844018535015,-0.4666765281658899,0.33590745929793897,0.21666666666665968
NOR,2018,0.07000000000000028,-0.28000000000000025,1.4198299274299604,5.699999999999818,0.0185773730131924,0.7492092152326274,-0.1292166452569088,-0.5416666666666599
NOR,2019,-0.5800000000000001,0.07000000000000028,2.490239421159795,42.0,0.027273000964724403,-1.0893129175788876,-0.13618501897861002,-0.375
NOR,2020,0.17999999999999972,-0.5800000000000001,-5.180311974196211,29.675000000000182,0.0214456888197736,0.3042936309230133,0.6637311436570688,-0.1166666666666698
NOR,2021,0.20000000000000018,0.17999999999999972,-1.6788439714536947,,0.012783787149325931,,0.6146505482621301,0.875
NOR,2022,-0.69,0.20000000000000018,12.13476687748742,,0.03424567113557231,,-0.8217083254909401,-0.2916666666666696
ESP,1995,,,,,,,,
ESP,1996,,,,,,,,
ESP,1997,,,0.500692399825627,350.4491999999991,0.03496979626878716,,0.012051644970130004,-0.8583333333332988
ESP,1998,,,0.13720551643155898,474.90250000000015,0.019519036922148736,0.31895483654058976,0.11852780081657499,-1.5
ESP,1999,,,-0.8427248226941163,,0.018177095859334358,0.1817118904640651,,-1.9833333333334018
ESP,2000,,,-1.5626012706091381,,0.022840611036659908,0.024542599620774652,,-2.8083333333333
ESP,2001,0.96,,-1.0532139735724262,,0.03375887014662915,0.16518630090451314,0.14653317201884097,-1.6833333333332998
ESP,2002,-0.9199999999999999,0.96,-0.0632685413703804,,0.0352690074012143,-0.28297302719110795,0.031535018206160004,-1.3583333333334
ESP,2003,0.06999999999999984,-0.9199999999999999,0.6645830240666064,643.8249999999989,0.030196041570782484,-0.3522476750755752,-0.05556595551550991,0.8833333333334004
ESP,2004,-0.2799999999999998,0.06999999999999984,-0.22554176899872358,685.5,0.029936288207727202,0.06458492978542885,-0.175901916093541,0.049999999999998934
ESP,2005,0.21999999999999975,-0.2799999999999998,-1.5786684854529112,,0.029939786074581143,0.057910815292223417,-0.08030112249246601,-0.5333333333333989
ESP,2006,-0.16000000000000014,0.21999999999999975,-1.6725903885906312,,0.03313312612157748,0.13118732749197504,-0.00024267915778097837,-1.7916666666666305
ESP,2007,-0.05999999999999961,-0.16000000000000014,-1.5600420696042159,731.9249999999993,0.03455190590995283,0.12982947242499088,-0.007922194316820064,-0.7083333333333304
ESP,2008,-0.5200000000000002,-0.05999999999999961,-0.6338287064580932,640.9750000000022,0.02748672938880503,-0.13478081098576178,-0.06621179361352492,-0.2333333333333396
ESP,2009,0.13000000000000012,-0.5200000000000002,0.6052356142418631,-110.17499999999927,0.03994490624266778,-1.5272562527303217,-0.046503087324034076,3.0416666666667
ESP,2010,0.2799999999999998,0.13000000000000012,4.7621194205557345,-1362.800000000003,-0.0028822806182304817,,0.035818083666871,6.6
ESP,2011,-0.5399999999999998,0.2799999999999998,0.4074614042905007,-382.4249999999993,0.017838587845400156,,0.03524309476755105,2.008333333333301
ESP,2012,-0.13000000000000012,-0.5399999999999998,0.9019308177531853,-303.2999999999993,0.03146089394614915,,-0.03588476378693706,1.5333333333332995
ESP,2013,0.030000000000000027,-0.13000000000000012,2.8117264954917687,-789.0,0.02416689221551227,,0.05884745592571605,3.3833333333334004
ESP,2014,0.5399999999999998,0.030000000000000027,1.8722939946264736,-493.2999999999993,0.013987527740571437,,-0.024708552089215075,1.3249999999999993
ESP,2015,-0.009999999999999787,0.5399999999999998,-0.24571094550082662,205.0,-0.0015122913115570569,,0.0003974823389170101,-1.6666666666666998
ESP,2016,0.06999999999999984,-0.009999999999999787,0.3403807833964583,521.7249999999985,-0.005016217306709869,0.9824503021741124,0.14775650326243805,-2.375
ESP,2017,-0.1299999999999999,0.06999999999999984,1.101239317304243,475.65000000000146,-0.002028035077914936,-0.3315262279779705,0.0028298830070899728,-2.4250000000000007
ESP,2018,-0.1299999999999999,-0.1299999999999999,-0.40978322806317724,483.59999999999854,0.019371910370953316,-0.0065475416352474,-0.017174353025598,-2.4166666666667
ESP,2019,0.010000000000000009,-0.1299999999999999,-0.8940379139519665,502.7000000000007,0.01661108256090671,-0.18979007849215035,-0.039782688743019934,-1.9666666666665993
ESP,2020,-0.3600000000000001,0.010000000000000009,0.26462224172933624,451.625,0.006970837105935601,-0.1999683505638511,0.04602388604209795,-1.158333333333399
ESP,2021,-0.09000000000000008,-0.3600000000000001,-1.111922333940827,-576.8499999999985,-0.003232749882709385,,-0.015806800748164984,1.424999999999999
ESP,2022,-0.05999999999999983,-0.09000000000000008,-0.22857930771715018,631.1749999999993,0.030462618140602693,,-0.03198817770876505,-0.5999999999999641
SWE,1995,,,,,,,,
SWE,1996,,,,,,,,
SWE,1997,,,0.050828112438007,-23.0,0.005317158611862993,-0.87622606268426,-0.4265393256266101,0.7583333333333293
SWE,1998,,,0.5906342841269274,-41.0,0.006562522032980134,0.5866603966409756,0.9275374414958701,0.33333333333333925
SWE,1999,,,-0.2583889146791356,57.0,-0.002674901043616451,0.32588832398403356,0.3124613510802696,-1.69166666666667
SWE,2000,,,0.28149606404217575,89.0,0.004611110036159438,-0.0105890240780524,0.31526521556633913,-1.4666666666666694
SWE,2001,0.96,,0.08836100191368557,,0.008951255052426887,0.09745025125523865,0.8982498475563414,
SWE,2002,-0.9199999999999999,0.96,0.7567238440052608,,0.023774711852788677,-1.224719994375932,1.1777835369500593,
SWE,2003,0.06999999999999984,-0.9199999999999999,-0.29629686979291225,5.824999999999818,0.021355167911374373,0.5150915639921736,-0.6173350546969907,0.125
SWE,2004,-0.2799999999999998,0.06999999999999984,1.4393205689666058,-9.525000000000546,0.019073492413737014,-0.19136114610771637,-1.6428186653417285,0.6166666666666698
SWE,2005,0.21999999999999975,-0.2799999999999998,0.1494424576950948,-24.375,0.0037296345455839486,0.7984059893691942,-0.7322272089729109,0.80833333333333
SWE,2006,-0.16000000000000014,0.21999999999999975,0.09800349371203243,46.400000000000546,0.0045214712512580135,-0.4030444056959601,0.12787519354978993,
SWE,2007,-0.05999999999999961,-0.16000000000000014,2.1683862742538507,93.02499999999964,0.013510468079740434,0.5152873639798909,-0.10056389741648974,
SWE,2008,-0.5200000000000002,-0.05999999999999961,0.06855958572292842,111.22500000000036,0.021880553522808377,-0.3715710297912087,-0.61557698590964,-0.9250000000000096
SWE,2009,0.13000000000000012,-0.5200000000000002,-0.31024072537141656,52.30000000000018,0.033793020477995483,,-0.1606251701253596,0.03333333333333943
SWE,2010,0.2799999999999998,0.13000000000000012,-2.079104236685053,-93.65000000000055,-0.004956870452400786,,1.0554997007767195,2.13333333333334
SWE,2011,-0.5399999999999998,0.2799999999999998,0.006044094960841129,24.375,0.011513346600031227,,-0.4504129642700301,0.29166666666666075
SWE,2012,-0.13000000000000012,-0.5399999999999998,-0.37082347900437274,102.17500000000018,0.029181553793473647,-0.5975314588996079,-0.7130036341677695,-0.8250000000000002
SWE,2013,0.030000000000000027,-0.13000000000000012,-0.028023277655869094,31.25,0.008844546500167638,,0.2797461862413,0.20000000000000018
SWE,2014,0.5399999999999998,0.030000000000000027,-0.7373531305033483,47.350000000000364,-0.00044302782382299455,,-0.2559289307673005,0.05833333333333002
SWE,2015,-0.009999999999999787,0.5399999999999998,-1.0897839154408806,67.64999999999964,-0.0017980003754942686,0.7021100270407569,0.3468746034098702,-0.10833333333333073
SWE,2016,0.06999999999999984,-0.009999999999999787,-0.6955511945929813,64.72500000000036,-0.00046795692459689064,0.6478551947413578,1.56944526130874,-0.5083333333333293
SWE,2017,-0.1299999999999999,0.06999999999999984,-0.7053266973192152,73.04999999999927,0.009794568669184933,-0.722249811136022,0.12712798975782924,-0.44166666666667
SWE,2018,-0.1299999999999999,-0.1299999999999999,0.04945152786619467,111.75,0.017785879798498883,-0.12390515727962159,-0.009422532624379087,-0.2916666666666705
SWE,2019,0.010000000000000009,-0.1299999999999999,0.10057245861266617,75.625,0.019346987245961067,-0.061650952509691215,0.14338134128552937,
SWE,2020,-0.3600000000000001,0.010000000000000009,3.101119645398177,34.275000000000546,0.01768421812990173,0.38754798804984436,0.7654726386536108,
SWE,2021,-0.09000000000000008,-0.3600000000000001,-0.01719955047497468,-67.22500000000036,0.0049613453356167625,,-0.24615467806951052,1.57500000000001
SWE,2022,-0.05999999999999983,-0.09000000000000008,0.7616257251378808,40.82499999999982,0.021401322862641514,,-0.6327838138371291,0.40833333333332966
GBR,1995,,,,,,,,
GBR,1996,,,,,,,,
GBR,1997,,,0.09832318722415034,238.0,0.028129167721836268,0.08339972821324804,0.007121284706564035,-0.5250000000000004
GBR,1998,,,0.3657007595987549,428.0,0.02166149678117968,0.6239102289475175,-0.03031771570938102,-1.125
GBR,1999,,,-0.21482492401225498,240.0,0.01840108537089069,-0.4076217616461906,-0.006950120644166002,-0.7249999999999996
GBR,2000,,,-1.7200863862693851,,0.018068594410499905,-0.09759546472184666,0.014535807990889937,-0.3000000000000007
GBR,2001,0.96,,0.2854469712283507,,0.010959013789720196,0.4295557292504826,0.04248400730084401,-0.5249999999999995
GBR,2002,-0.9199999999999999,0.96,0.07074738505807465,228.0,0.016216571589245277,-0.6377597044928037,0.03371824098240406,-0.375
GBR,2003,0.06999999999999984,-0.9199999999999999,-0.20736870667657237,232.5,0.014637653233688042,-0.33579659738548184,-0.027746917195999976,0.09999999999999964
GBR,2004,-0.2799999999999998,0.06999999999999984,0.16043644540625412,279.0,0.013123547929806634,0.6329959914227736,-0.05426343256555399,-0.14999999999999947
GBR,2005,0.21999999999999975,-0.2799999999999998,-0.48586580260745316,310.25,0.014239722811136168,-0.324762380069357,-0.066531664741728,-0.27500000000000036
GBR,2006,-0.16000000000000014,0.21999999999999975,0.32326834170613195,320.0,0.020356937068743974,0.18211821100612646,0.004355821837703,0.04999999999999982
GBR,2007,-0.05999999999999961,-0.16000000000000014,-1.1131435008309976,287.5,0.024876904755404716,-0.24245630324847733,-0.006720921505977029,0.625
GBR,2008,-0.5200000000000002,-0.05999999999999961,-0.6087316432816223,238.0,0.023073276164302214,0.29149347282615257,-0.04363397077062203,-0.09999999999999964
GBR,2009,0.13000000000000012,-0.5200000000000002,-0.12841383759429004,249.0,0.03422162849685062,,0.045948300316331014,0.375
GBR,2010,0.2799999999999998,0.13000000000000012,0.7878317909055261,-473.5,0.019529627021483975,,0.09561761898161003,1.9249999999999998
GBR,2011,-0.5399999999999998,0.2799999999999998,0.2991115066833818,72.75,0.024720359923160018,,0.006148291141225948,0.25
GBR,2012,-0.13000000000000012,-0.5399999999999998,1.1237040599532546,147.5,0.03811021886925481,-0.976434668306358,-0.023652925214881937,0.25
GBR,2013,0.030000000000000027,-0.13000000000000012,-1.4859056436910005,319.75,0.02531780798428951,0.5849589615335742,0.007267417184264935,-0.15000000000000036
GBR,2014,0.5399999999999998,0.030000000000000027,-1.3979650962479524,347.5,0.022658023892583756,0.11730408021545269,0.008668835850744072,-0.375
GBR,2015,-0.009999999999999787,0.5399999999999998,-0.30126045560793546,710.75,0.014155949230132414,0.6091927898326825,-0.03238169239757904,-1.4249999999999998
GBR,2016,0.06999999999999984,-0.009999999999999787,0.0332946283958826,532.5,0.00400802139753953,-0.3896315798893921,0.04713213976723796,-0.8250000000000002
GBR,2017,-0.1299999999999999,0.06999999999999984,-0.4626506312624876,460.5,0.009950330853167877,0.030421362756695047,0.08645663167388207,-0.4499999999999993
GBR,2018,-0.1299999999999999,-0.1299999999999999,1.865609265956388,315.0,0.025416812984122572,0.3149064975346191,0.03561164828408292,-0.47500000000000053
GBR,2019,0.010000000000000009,-0.1299999999999999,-0.3432926746276541,382.5,0.022901764286684667,-0.6672099614357981,-0.02682057522429293,-0.3250000000000002
GBR,2020,-0.56,0.010000000000000009,1.2432706880242632,475.75,0.016838564362830155,-0.21094314118350593,0.03386509540278593,-0.27499999999999947
GBR,2021,-0.56,-0.56,-0.24086590386221118,-363.75,0.010152371464017484,,-0.003891031581341964,0.7749999999999995
GBR,2022,0.28,-0.56,1.9643261186683436,-3.5,0.024491020008295727,,-0.05274820914894296,-0.04999999999999982
USA,1995,,,,,,,,
USA,1996,-0.08000000000000007,,,,,,,
USA,1997,-0.2599999999999998,-0.08000000000000007,-0.05895575902359074,1807.8333333329938,0.028890658694360916,0.34033748326117286,,-0.1916666666666602
USA,1998,0.48999999999999977,-0.2599999999999998,-0.09502525748759583,2850.416666667006,0.02310784470207672,0.16444983940351077,,-0.46666666666666945
USA,1999,-0.7799999999999998,0.48999999999999977,-0.7324979057597043,1905.5833333329938,0.01540354490555007,0.00806138775915044,,-0.44166666666667
USA,2000,-0.20999999999999996,-0.7799999999999998,-0.602788542337251,2024.4166666670062,0.021644334204286686,0.06588116325449245,,-0.29166666666665986
USA,2001,0.009999999999999787,-0.20999999999999996,-0.9449296404736298,3402.833333332994,0.03321093354503013,-0.16069689315012514,,-0.22500000000000053
USA,2002,0.050000000000000266,0.009999999999999787,0.19664534807309364,42.58333333299379,0.027869717500484725,-1.4509854763479784,,0.74166666666666
USA,2003,-0.20000000000000018,0.050000000000000266,-0.44918199605271436,-448.1666666659876,0.015735855713416846,0.5763696727814822,,1.0416666666666705
USA,2004,-0.16999999999999993,-0.20000000000000018,-0.38562902067890725,1250.5,0.022447117482583323,0.4971621082883998,,0.21666666666666945
USA,2005,-0.040000000000000036,-0.16999999999999993,-0.6459421120086599,1516.25,0.026420257820731763,0.3194423371672872,,-0.45833333333334014
USA,2006,-0.050000000000000044,-0.040000000000000036,-0.5411129189908355,2477.833333332994,0.03336462706391341,-0.0994414111297286,,-0.4666666666666597
USA,2007,-0.1499999999999999,-0.050000000000000044,-0.16505909231927518,2697.25,0.0317500317892625,-0.2239720368254754,,-0.4500000000000002
USA,2008,0.030000000000000027,-0.1499999999999999,0.8223639364915929,1619.6666666670062,0.028127414036792864,-0.32900274285785713,,0.0
USA,2009,0.1299999999999999,0.030000000000000027,0.3728534921180833,-684.1666666670062,0.037672402606684585,-2.8703009913410398,,1.1583333333333306
USA,2010,-0.050000000000000044,0.1299999999999999,2.093051744917333,-5485.0,-0.003561798342344602,,,3.491666666666669
USA,2011,0.010000000000000009,-0.050000000000000044,-0.24790668655090364,-813.5833333329938,0.016267399878085342,,,0.34999999999999076
USA,2012,0.0,0.010000000000000009,-0.04795818433782317,805.3333333329938,0.031080377734150844,-0.5439629141329659,,-0.6666666666666607
USA,2013,0.0,0.0,0.34585366091987035,2599.833333332994,0.02048217346277248,0.38065718905737733,,-0.8833333333333293
USA,2014,0.020000000000000018,0.0,0.5615239127940743,1460.25,0.014542076157728623,-0.07777257060099585,,-0.69166666666667
USA,2015,0.0,0.020000000000000018,-0.0903438943225634,2376.0,0.016092055330951816,0.1753827743963463,,-1.2083333333333304
USA,2016,-0.040000000000000036,0.0,-0.13097763293815223,2528.0833333340124,0.0011855682916221966,0.154521124165383,,-0.875
USA,2017,0.010000000000000009,-0.040000000000000036,0.1256154822459563,2602.4166666659876,0.012536915486797362,-0.48175943338859584,,-0.4249999999999998
USA,2018,-0.06999999999999984,0.010000000000000009,0.23255194750391017,1901.5833333340124,0.02107740269582159,0.3006590570545611,,-0.5166666666666702
USA,2019,12.19,-0.06999999999999984,-0.25077906523487425,2423.583333332994,0.02413229268368955,0.18818748459139745,,-0.44999999999999973
USA,2020,-12.26,12.19,0.0733821128580856,1777.0833333329938,0.01795985273609002,-0.1381089217299697,,-0.23333333333332984
USA,2021,-0.050000000000000044,-12.26,-0.7247359894397851,-9743.333333332994,0.012260377434961889,,,4.425000000000001
USA,2022,0.020000000000000018,-0.050000000000000044,-0.8424456991240397,4785.916666667006,0.045908481475262164,,,-2.7250000000000005
